# lattice fractal string: 1 copy ratio 1/3 + 2 copies ratio 1/9; u = 2 l_0 f / v
# D=0.6309297536; constant term 1/4; fundamental |A_0|=0.0144824
log3_u,Theta_minus_Weyl,D_family,residual,prediction_Re0
2.095903274,-7.666215246,-7.914715872,-0.001499374125,-0.001499374125
2.114079887,-7.76937056,-8.01944988,7.931998951e-05,7.93199895e-05
2.1322565,-7.874319753,-8.125991264,0.001671510557,0.001671510557
2.150433113,-7.981043791,-8.23431732,0.003273529353,0.003273529353
2.168609725,-8.089516001,-8.344397232,0.004881230814,0.004881230814
2.186786338,-8.199702153,-8.456192129,0.006489975732,0.006489975732
2.204962951,-8.311560689,-8.56965532,0.008094630156,0.008094630156
2.223139564,-8.425043141,-8.684732721,0.009689579884,0.009689579884
2.241316177,-8.540094719,-8.801363479,0.01126876055,0.01126876055
2.259492789,-8.656655101,-8.919480804,0.01282570279,0.01282570279
2.277669402,-8.774659404,-9.039012996,0.01435359174,0.01435359174
2.295846015,-8.894039323,-9.159884662,0.0158453393,0.0158453393
2.314022628,-9.014724434,-9.282018102,0.01729366794,0.01729366794
2.332199241,-9.136643618,-9.405334822,0.01869120353,0.01869120353
2.350375853,-9.259726593,-9.529757168,0.02003057546,0.02003057546
2.368552466,-9.383905499,-9.655210021,0.02130452125,0.02130452125
2.386729079,-9.509116525,-9.781622518,0.02250599313,0.02250599313
2.404905692,-9.635301511,-9.908929775,0.02362826408,0.02362826408
2.423082304,-9.762409511,-10.03707454,0.0246650305,0.0246650305
2.441258917,-9.890398261,-10.16600877,0.02561050903,0.02561050903
2.45943553,-10.01923553,-10.29569505,0.02645952512,0.02645952512
2.477612143,-10.14890029,-10.42610788,0.02720759099,0.02720759099
2.495788756,-10.27938375,-10.55723472,0.02785097109,0.02785097109
2.513965368,-10.41069011,-10.68907684,0.02838673333,0.02838673333
2.532141981,-10.54283713,-10.82164991,0.02881278471,0.02881278471
2.550318594,-10.67585644,-10.95498433,0.02912789033,0.02912789033
2.568495207,-10.80979357,-11.08912524,0.02933167528,0.02933167528
2.58667182,-10.94470776,-11.22413237,0.02942460915,0.02942460915
2.604848432,-11.08067148,-11.36007945,0.02940797364,0.02940797364
2.623025045,-11.21776972,-11.49705353,0.02928381387,0.02928381387
2.641201658,-11.35609906,-11.63515393,0.02905487486,0.02905487486
2.659378271,-11.49576654,-11.77449107,0.0287245247,0.0287245247
2.677554883,-11.63688837,-11.91518504,0.02829666678,0.02829666678
2.695731496,-11.77958846,-12.05736411,0.0277756434,0.0277756434
2.713908109,-11.92399694,-12.20116308,0.02716613373,0.02716613373
2.732084722,-12.07024857,-12.34672162,0.02647304913,0.02647304913
2.750261335,-12.21848114,-12.49418257,0.02570142891,0.02570142891
2.768437947,-12.36883396,-12.6436903,0.02485633984,0.02485633984
2.78661456,-12.52144634,-12.79538912,0.02394278232,0.02394278232
2.804791173,-12.67645623,-12.94942184,0.02296560609,0.02296560609
2.822967786,-12.83399897,-13.1059284,0.02192943791,0.02192943791
2.841144399,-12.9942061,-13.26504473,0.02083862332,0.02083862332
2.859321011,-13.15720445,-13.42690163,0.01969718399,0.01969718399
2.877497624,-13.32311518,-13.59162397,0.01850879153,0.01850879153
2.895674237,-13.49205308,-13.75932984,0.0172767584,0.0172767584
2.91385085,-13.66412587,-13.93012991,0.01600404544,0.01600404544
2.932027462,-13.83943355,-14.10412684,0.01469328553,0.01469328553
2.950204075,-14.01806785,-14.28141467,0.0133468219,0.0133468219
2.968380688,-14.20011158,-14.46207834,0.01196675947,0.01196675947
2.986557301,-14.38563797,-14.646193,0.01055502708,0.01055502708
3.004733914,-14.57471001,-14.83382345,0.009113448226,0.009113448226
3.022910526,-14.7673796,-15.02502342,0.007643817598,0.007643817597
3.041087139,-14.96368679,-15.21983477,0.006147980783,0.006147980783
3.059263752,-15.16365885,-15.41828677,0.004627914306,0.004627914306
3.077440365,-15.36730938,-15.62039519,0.003085803273,0.003085803273
3.095616978,-15.57463743,-15.82616154,0.001524114033,0.001524114033
3.11379359,-15.78562669,-16.03557235,-5.43406099e-05,-5.43406099e-05
3.131970203,-16.00024483,-16.24859849,-0.001646345811,-0.001646345811
3.150146816,-16.21844306,-16.46519482,-0.003248240657,-0.003248240657
3.168323429,-16.44015584,-16.68529995,-0.004855887266,-0.004855887266
3.186500041,-16.66530106,-16.9088364,-0.006464654256,-0.006464654256
3.204676654,-16.89378045,-17.13571103,-0.008069415397,-0.008069415397
3.222853267,-17.12548046,-17.36581589,-0.009664563859,-0.009664563859
3.24102988,-17.36027353,-17.59902949,-0.01124404205,-0.01124404205
3.259206493,-17.59801978,-17.83521839,-0.01280138658,-0.01280138658
3.277383105,-17.83856915,-18.07423936,-0.01432978746,-0.01432978746
3.295559718,-18.08176385,-18.31594169,-0.01582216032,-0.01582216032
3.313736331,-18.32744127,-18.56017004,-0.01727122987,-0.01727122987
3.331912944,-18.57543704,-18.80676742,-0.01866962277,-0.01866962277
3.350089557,-18.82558843,-19.05557846,-0.02000996755,-0.02000996755
3.368266169,-19.07773783,-19.30645283,-0.02128499918,-0.02128499918
3.386442782,-19.3317363,-19.55924864,-0.02248766571,-0.02248766571
3.404619395,-19.58744713,-19.8138359,-0.02361123424,-0.02361123424
3.422796008,-19.84474924,-20.07009984,-0.02464939374,-0.02464939374
3.44097262,-20.10354042,-20.32794407,-0.02559635195,-0.02559635195
3.459149233,-20.36374033,-20.5872934,-0.02644692408,-0.02644692408
3.477325846,-20.62529305,-20.84809644,-0.02719661101,-0.02719661101
3.495502459,-20.88816934,-21.11032768,-0.02784166488,-0.02784166488
3.513679072,-21.15236836,-21.37398922,-0.02837914066,-0.02837914066
3.531855684,-21.41791888,-21.63911195,-0.02880693191,-0.02880693191
3.550032297,-21.68487996,-21.90575617,-0.02912379017,-0.02912379017
3.56820891,-21.95334107,-22.17401175,-0.02932932705,-0.02932932705
3.586385523,-22.22342164,-22.44399764,-0.02942399906,-0.02942399906
3.604562136,-22.49526999,-22.71586091,-0.02940907544,-0.02940907544
3.622738748,-22.76906183,-22.98977524,-0.02928658974,-0.02928658974
3.640915361,-23.04499819,-23.26593891,-0.0290592765,-0.0290592765
3.659091974,-23.3233029,-23.5445724,-0.02873049468,-0.02873049468
3.677268587,-23.60421979,-23.82591565,-0.02830413995,-0.02830413995
3.695445199,-23.88800949,-24.11022494,-0.02778454848,-0.02778454848
3.713621812,-24.17494611,-24.39776972,-0.02717639495,-0.02717639495
3.731798425,-24.46531376,-24.68882917,-0.02648458786,-0.02648458786
3.749975038,-24.75940307,-24.98368891,-0.02571416531,-0.02571416531
3.768151651,-25.05750784,-25.28263764,-0.02487019439,-0.02487019439
3.786328263,-25.35992172,-25.58596404,-0.02395767722,-0.02395767722
3.804504876,-25.66693523,-25.89395377,-0.0229814665,-0.0229814665
3.822681489,-25.97883303,-26.20688684,-0.021946193,-0.021946193
3.840858102,-26.29589142,-26.52503521,-0.02085620708,-0.02085620708
3.859034715,-26.61837626,-26.84866072,-0.01971553573,-0.01971553573
3.877211327,-26.94654112,-27.17801326,-0.01852785621,-0.01852785621
3.89538794,-27.28062574,-27.51332926,-0.0172964866,-0.0172964866
3.913564553,-27.62085468,-27.85483029,-0.01602439316,-0.01602439316
3.931741166,-27.96743614,-28.20272193,-0.01471421366,-0.01471421366
3.949917778,-28.32056087,-28.55719257,-0.01336829552,-0.01336829552
3.968094391,-28.68040109,-28.91841234,-0.01198874697,-0.01198874697
3.986271004,-29.04710939,-29.28653189,-0.0105774991,-0.0105774991
4.004447617,-29.42081753,-29.66168115,-0.009136376467,-0.009136376467
4.02262423,-29.80163509,-30.04396791,-0.00766717361,-0.00766717361
4.040800842,-30.18964807,-30.43347634,-0.006171734691,-0.006171734691
4.058977455,-30.58491736,-30.83026533,-0.004652033558,-0.004652033558
4.077154068,-30.98747713,-31.23436688,-0.003110251456,-0.003110251456
4.095330681,-31.39733334,-31.64578449,-0.001548849773,-0.001548849773
4.113507294,-31.8144623,-32.06449166,2.936460131e-05,2.93646013e-05
4.131683906,-32.23880949,-32.49043067,0.001621183529,0.001621183529
4.149860519,-32.67028878,-32.92351173,0.003222953397,0.003222953397
4.168037132,-33.10878204,-33.36361258,0.004830544006,0.004830544006
4.186213745,-33.55413943,-33.81057876,0.006439331796,0.006439331796
4.204390357,-34.00618026,-34.26422446,0.008044198262,0.008044198263
4.22256697,-34.46469469,-34.72433424,0.009639543955,0.009639543955
4.240743583,-34.92944618,-35.1906655,0.01121931807,0.01121931807
4.258920196,-35.4001747,-35.66295177,0.01277706319,0.01277706319
4.277096809,-35.87660081,-36.14090679,0.01430597425,0.01430597425
4.295273421,-36.35843041,-36.62422938,0.01579897059,0.01579897059
4.313450034,-36.84536015,-37.11260893,0.01724877923,0.01724877923
4.331626647,-37.33708346,-37.60573148,0.0186480276,0.0186480276
4.34980326,-37.83329687,-38.10328621,0.01998934342,0.01998934342
4.367979873,-38.33370674,-38.6049722,0.02126545915,0.02126545915
4.386156485,-38.83803605,-39.11050537,0.02246931865,0.02246931865
4.404333098,-39.34603114,-39.61962532,0.0235941832,0.0235941832
4.422509711,-39.85746826,-40.132102,0.02463373434,0.02463373434
4.440686324,-40.37215978,-40.64774195,0.02558217094,0.02558217094
4.458862936,-40.88995983,-41.16639413,0.026434298,0.026434298
4.477039549,-41.41076933,-41.68795494,0.02718560505,0.02718560505
4.495216162,-41.93454021,-42.21237254,0.02783233197,0.02783233197
4.513392775,-42.46127873,-42.73965025,0.02837152075,0.02837152075
4.531569388,-42.99104784,-43.26984889,0.02880105157,0.02880105157
4.549746,-43.5239685,-43.80308817,0.02911966237,0.02911966237
4.567922613,-44.06021992,-44.33954687,0.02932695131,0.02932695131
4.586099226,-44.60003865,-44.87946201,0.02942336177,0.02942336177
4.604275839,-45.14371671,-45.42312686,0.02941015054,0.02941015054
4.622452452,-45.69159862,-45.97088796,0.02928933958,0.02928933958
4.640629064,-46.24407747,-46.52314112,0.02906365296,0.02906365296
4.658805677,-46.80159025,-47.08032669,0.02873644044,0.02873644044
4.67698229,-47.36461233,-47.64292392,0.02831158998,0.02831158998
4.695158903,-47.93365152,-48.21144496,0.02779343158,0.02779343158
4.713335515,-48.50924165,-48.78642829,0.02718663541,0.02718663541
4.731512128,-49.09193597,-49.36843207,0.02649610709,0.02649610709
4.749688741,-49.68230049,-49.95802737,0.02572688347,0.02572688347
4.767865354,-50.28090752,-50.55579155,0.02488403194,0.02488403194
4.786041967,-50.88832943,-51.16230199,0.02397255632,0.02397255632
4.804218579,-51.50513285,-51.77813016,0.02299731226,0.02299731226
4.822395192,-52.13187337,-52.40383631,0.02196293453,0.02196293453
4.840571805,-52.76909087,-53.03996465,0.02087377827,0.02087377827
4.858748418,-53.41730532,-53.68703919,0.01973387581,0.01973387581
4.876925031,-54.07701322,-54.34556013,0.01854691005,0.01854691005
4.895101643,-54.74868453,-55.01600074,0.0173162047,0.0173162047
4.913278256,-55.43275996,-55.6988047,0.01604473143,0.01604473143
4.931454869,-56.12964851,-56.39438364,0.01473513292,0.01473513292
4.949631482,-56.83972518,-57.10311494,0.0133897608,0.0133897608
4.967808094,-57.56332871,-57.82533943,0.01201072661,0.01201072661
4.985984707,-58.30075909,-58.56135905,0.01059996371,0.01059996371
5.00416132,-59.05227503,-59.31143433,0.009159297741,0.009159297741
5.022337933,-59.81809106,-60.07578158,0.007690523111,0.007690523111
5.040514546,-60.5983744,-60.85456988,0.006195482575,0.006195482575
5.058691158,-61.39324172,-61.64791787,0.004676147327,0.004676147327
5.076867771,-62.20275572,-62.45589041,0.003134694764,0.003134694764
5.095044384,-63.02692184,-63.27849542,0.001573581333,0.001573581333
5.113220997,-63.86568524,-64.11568085,-4.391977079e-06,-4.39197708e-06
5.13139761,-64.7189283,-64.96733228,-0.001596023725,-0.001596023725
5.149574222,-65.5864688,-65.83327113,-0.003197667593,-0.003197667593
5.167750835,-66.46805913,-66.71325393,-0.004805201053,-0.004805201053
5.185927448,-67.36338674,-67.60697273,-0.006414008374,-0.006414008374
5.204104061,-68.27207588,-68.5140569,-0.008018978776,-0.008018978776
5.222280673,-69.19369098,-69.43407646,-0.009614520196,-0.009614520196
5.240457286,-70.1277416,-70.36654702,-0.01119458863,-0.01119458863
5.258633899,-71.07368903,-71.3109363,-0.01275273265,-0.01275273265
5.276810512,-72.03095452,-72.26667237,-0.01428215214,-0.01428215214
5.294987125,-72.99892902,-73.23315325,-0.01577577015,-0.01577577015
5.313163737,-73.97698423,-74.20975792,-0.01722631604,-0.01722631604
5.33134035,-74.96448488,-75.19585846,-0.01862641806,-0.01862641806
5.349516963,-75.96080173,-76.19083303,-0.01996870312,-0.01996870312
5.367693576,-76.96532528,-77.19407938,-0.02124590119,-0.02124590119
5.385870189,-77.97747966,-78.2050287,-0.02245095199,-0.02245095199
5.404046801,-78.99673647,-79.22315936,-0.02357711099,-0.02357711099
5.422223414,-80.02262823,-80.24801017,-0.02461805233,-0.02461805233
5.440400027,-81.05476098,-81.27919301,-0.02556796602,-0.02556796602
5.45857664,-82.09282599,-82.31640435,-0.02642164689,-0.02642164689
5.476753252,-83.13660999,-83.35943542,-0.02717457313,-0.02717457313
5.494929865,-84.18600385,-84.40818088,-0.02782297237,-0.02782297237
5.513106478,-85.24100943,-85.46264556,-0.02836387363,-0.02836387363
5.531283091,-86.30174443,-86.52294928,-0.02879514369,-0.02879514369
5.549459704,-87.3684451,-87.58932959,-0.02911550694,-0.02911550694
5.567636316,-88.44146675,-88.66214221,-0.02932454804,-0.02932454804
5.585812929,-89.52128204,-89.74185935,-0.02942269727,-0.02942269727
5.603989542,-90.60847702,-90.82906583,-0.02941119893,-0.02941119893
5.622166155,-91.70374515,-91.92445308,-0.02929206339,-0.02929206339
5.640342768,-92.80787931,-93.02881131,-0.02906800421,-0.02906800421
5.65851938,-93.92176218,-94.14301981,-0.02874236197,-0.02874236197
5.676695993,-95.04635504,-95.26803602,-0.02831901685,-0.02831901685
5.694872606,-96.18268555,-96.40488325,-0.02780229269,-0.02780229269
5.713049219,-97.33183464,-97.55463778,-0.02719685509,-0.02719685509
5.731225831,-98.494923,-98.71841539,-0.02650760679,-0.02650760679
5.749402444,-99.67309749,-99.8973579,-0.02573958336,-0.02573958336
5.767579057,-100.8675178,-101.09262,-0.02489785246,-0.02489785246
5.78575567,-102.0793438,-102.3053564,-0.0239874196,-0.0239874196
5.803932283,-103.3097236,-103.5367105,-0.02301314336,-0.02301314336
5.822108895,-104.5597827,-104.7878031,-0.02197966248,-0.02197966248
5.840285508,-105.8306145,-106.0597232,-0.02089133688,-0.02089133688
5.858462121,-107.1232718,-107.3535196,-0.01975220423,-0.01975220423
5.876638734,-108.4387593,-108.6701934,-0.01856595305,-0.01856595305
5.894815347,-109.778028,-110.0106921,-0.0173359127,-0.0173359127
5.912991959,-111.141969,-111.375904,-0.01606506025,-0.01606506025
5.931168572,-112.5314094,-112.7666534,-0.01475604331,-0.01475604331
5.949345185,-113.9471074,-114.1836962,-0.01341121773,-0.01341121773
5.967521798,-115.3897479,-115.6277152,-0.01203269839,-0.01203269839
5.98569841,-116.859938,-117.0993156,-0.0106224209,-0.0106224209
6.003875023,-118.358202,-118.5990198,-0.00918221204,-0.00918221204
6.022051636,-119.8849757,-120.1272618,-0.007713866093,-0.007713866093
6.040228249,-121.4406006,-121.6843814,-0.006219224428,-0.006219224428
6.058404862,-123.0253177,-123.2706174,-0.004700255603,-0.004700255603
6.076581474,-124.6392605,-124.8861014,-0.003159133187,-0.003159133187
6.094758087,-126.2824492,-126.5308509,-0.001598308703,-0.001598308703
6.1129347,-127.9547845,-128.2047639,-2.057724946e-05,-2.057724941e-05
6.131111313,-129.6560427,-129.9076135,0.001570866415,0.001570866415
6.149287926,-131.3858722,-131.6390446,0.003172383259,0.003172383259
6.167464538,-133.1437924,-133.3985722,0.004779858427,0.004779858427
6.185641151,-134.9291938,-135.1855825,0.006388684009,0.006388684009
6.203817764,-136.7413424,-136.9993362,0.007993756959,0.007993756959
6.221994377,-138.5793856,-138.8389751,0.009589492607,0.009589492607
6.240170989,-140.4423621,-140.703532,0.01116985377,0.01116985377
6.258347602,-142.3292154,-142.5919438,0.01272839499,0.01272839499
6.276524215,-144.2388093,-144.5030677,0.01425832115,0.01425832115
6.294700828,-146.1699479,-146.4357005,0.01575255903,0.01575255903
6.312877441,-148.1213968,-148.3886007,0.01720384034,0.01720384034
6.331054053,-150.0919075,-150.3605123,0.01860479418,0.01860479418
6.349230666,-152.0802433,-152.3501914,0.01994804666,0.01994804666
6.367407279,-154.0852062,-154.3564325,0.02122632533,0.02122632533
6.385583892,-156.1056643,-156.3780969,0.02243256575,0.02243256575
6.403760504,-158.1405795,-158.4141395,0.02356001762,0.02356001762
6.421937117,-160.1890335,-160.4636358,0.02460234772,0.02460234772
6.44011373,-162.2502535,-162.5258072,0.02555373722,0.02555373722
6.458290343,-164.3236348,-164.6000438,0.02640897077,0.02640897077
6.476466956,-166.4087613,-166.6859248,0.02716351526,0.02716351526
6.494643568,-168.5054226,-168.7832362,0.02781358608,0.02781358608
6.512820181,-170.6136279,-170.8919841,0.02835619929,0.02835619929
6.530996794,-172.7336154,-173.0124046,0.02878920829,0.02878920829
6.549173407,-174.8658576,-175.1449689,0.02911132388,0.02911132388
6.56735002,-177.0110626,-177.2903848,0.02932211724,0.02932211724
6.585526632,-179.1701711,-179.4495931,0.02942200555,0.02942200555
6.603703245,-181.3443477,-181.6237599,0.0294122206,0.0294122206
6.621879858,-183.5349702,-183.814265,0.02929476116,0.02929476116
6.640056471,-185.7436133,-186.0226856,0.02907233026,0.02907233026
6.658233083,-187.9720296,-188.2507779,0.02874825925,0.02874825925
6.676409696,-190.2221278,-190.5004543,0.02832642055,0.02832642055
6.694586309,-192.4959485,-192.7737596,0.02781113179,0.02781113179
6.712762922,-194.7956379,-195.0728449,0.02720705398,0.02720705398
6.730939535,-197.1234217,-197.3999408,0.02651908695,0.02651908695
6.749116147,-199.481578,-199.7573302,0.02575226497,0.02575226497
6.76729276,-201.8724107,-202.1473223,0.02491165595,0.02491165595
6.785469373,-204.2982247,-204.5722269,0.02400226705,0.02400226705
6.803645986,-206.7613021,-207.0343311,0.02302895978,0.02302895978
6.821822599,-209.263881,-209.5358774,0.02199637683,0.02199637683
6.839999211,-211.8081362,-212.079045,0.02090888289,0.02090888289
6.858175824,-214.3961623,-214.6659328,0.01977052097,0.01977052097
6.876352437,-217.0299598,-217.2985448,0.01858498519,0.01858498519
6.89452905,-219.711422,-219.9787776,0.01735561057,0.01735561058
6.912705662,-222.4423243,-222.7084097,0.0160853796,0.0160853796
6.930882275,-225.2243151,-225.489092,0.01477694482,0.01477694482
6.949058888,-228.0589057,-228.3223383,0.01343266631,0.01343266631
6.967235501,-230.9474621,-231.2095168,0.01205466228,0.01205466228
6.985412114,-233.8911953,-234.1518402,0.01064487066,0.01064487066
7.003588726,-236.8911509,-237.150356,0.009205119358,0.009205119358
7.021765339,-239.9481981,-240.2059353,0.007737202549,0.007737202549
7.039941952,-243.0630176,-243.3192606,0.006242960241,0.006242960241
7.058118565,-246.2360884,-246.4908128,0.004724358378,0.004724358378
7.076295178,-249.4676749,-249.7208584,0.003183566716,0.003183566716
7.09447179,-252.7578135,-253.0094366,0.00162303187,0.00162303187
7.112648403,-256.1063012,-256.3563467,4.554306486e-05,4.554306483e-05
7.130825016,-259.5126849,-259.7611391,-0.001545711614,-0.001545711614
7.149001629,-262.9762548,-263.2231077,-0.003147100414,-0.003147100414
7.167178241,-266.4960413,-266.7412868,-0.004754516146,-0.004754516146
7.185354854,-270.0708158,-270.3144525,-0.006363358723,-0.006363358723
7.203531467,-273.6990986,-273.94113,-0.007968532835,-0.007968532835
7.22170808,-277.3791713,-277.6196068,-0.009564461212,-0.009564461212
7.239884693,-281.1090968,-281.3479517,-0.01114511349,-0.01114511349
7.258061305,-284.8867452,-285.1240411,-0.01270405024,-0.01270405024
7.276237918,-288.7098263,-288.9455919,-0.01423448131,-0.01423448131
7.294414531,-292.5759284,-292.8101991,-0.01572933725,-0.01572933725
7.312591144,-296.4825617,-296.7153804,-0.01718135216,-0.01718135216
7.330767757,-300.4272074,-300.6586242,-0.01858315598,-0.01858315598
7.348944369,-304.407369,-304.6374416,-0.01992737408,-0.01992737408
7.367120982,-308.420627,-308.6494203,-0.02120673158,-0.02120673158
7.385297595,-312.4646941,-312.6922799,-0.02241415995,-0.02241415995
7.403474208,-316.5374701,-316.7639272,-0.02354290312,-0.02354290312
7.42165082,-320.6370956,-320.862509,-0.02458662054,-0.02458662054
7.439827433,-324.7620024,-324.9864629,-0.02553948454,-0.02553948454
7.458004046,-328.9109597,-329.1345634,-0.02639626966,-0.02639626966
7.476180659,-333.0831155,-333.305963,-0.02715243146,-0.02715243146
7.494357272,-337.2780311,-337.5002269,-0.02780417311,-0.02780417311
7.512533884,-341.4957086,-341.7173601,-0.02834849774,-0.02834849774
7.530710497,-345.7366105,-345.9578272,-0.02878324535,-0.02878324535
7.54888711,-350.0016706,-350.2225635,-0.02910711318,-0.02910711318
7.567063723,-354.2922967,-354.5129771,-0.02931965891,-0.02931965891
7.585240336,-358.6103635,-358.8309422,-0.02942128661,-0.02942128661
7.603416948,-362.9581976,-363.1787844,-0.02941321555,-0.02941321555
7.621593561,-367.3385538,-367.5592564,-0.02929743287,-0.02929743287
7.639770174,-371.7545836,-371.975507,-0.02907663108,-0.02907663108
7.657946787,-376.209797,-376.4310429,-0.02875413227,-0.02875413227
7.676123399,-380.7080185,-380.9296847,-0.02833380106,-0.02833380106
7.694300012,-385.2533381,-385.4755181,-0.02781994885,-0.02781994885
7.712476625,-389.8500597,-390.0728425,-0.02721723205,-0.02721723205
7.730653238,-394.5026472,-394.7261166,-0.02653054754,-0.02653054754
7.748829851,-399.2156704,-399.4399055,-0.02576492828,-0.02576492828
7.767006463,-403.9937522,-404.2188268,-0.02492544237,-0.02492544237
7.785183076,-408.8415176,-409.0675005,-0.02401709865,-0.02401709865
7.803359689,-413.7635466,-413.9905019,-0.0230447615,-0.0230447615
7.821536302,-418.7643309,-418.9923179,-0.02201307756,-0.02201307756
7.839712915,-423.8482355,-424.0773091,-0.02092641629,-0.02092641629
7.857889527,-429.0194647,-429.2496758,-0.01978882601,-0.01978882601
7.87606614,-434.2820333,-434.5134293,-0.01860400646,-0.01860400646
7.894242753,-439.6397418,-439.8723665,-0.01737529832,-0.01737529832
7.912419366,-445.0961541,-445.3300484,-0.01610568949,-0.01610568949
7.930595978,-450.6545784,-450.8897806,-0.01479783744,-0.01479783744
7.948772591,-456.3180495,-456.5545954,-0.01345410653,-0.01345410653
7.966949204,-462.0893103,-462.3272337,-0.01207661829,-0.01207661829
7.985125817,-467.9707935,-468.2101262,-0.01066731299,-0.01066731299
8.00330243,-473.9646013,-474.2053733,-0.009228019687,-0.009228019687
8.021479042,-480.0724832,-480.3147227,-0.007760532471,-0.007760532471
8.039655655,-486.2958122,-486.5395455,-0.006266690007,-0.006266690007
8.057832268,-492.6355588,-492.8808103,-0.004748455641,-0.004748455641
8.076008881,-499.0922652,-499.3390572,-0.003207995339,-0.003207995339
8.094185494,-505.6660192,-505.9143714,-0.001647750822,-0.001647750822
8.112362106,-512.3564303,-512.6063598,-7.050545537e-05,-7.050545589e-05
8.130538719,-519.1626103,-519.4141309,0.001520559338,0.001520559338
8.148715332,-526.0831587,-526.3362805,0.003121819074,0.003121819074
8.166891945,-533.1161563,-533.3708855,0.00472917423,0.00472917423
8.185068557,-540.2591683,-540.5155063,0.006338032538,0.006338032538
8.20324517,-547.5092578,-547.7672011,0.007943306426,0.007943306427
8.221421783,-554.8630123,-555.1225518,0.009539426036,0.009539426036
8.239598396,-562.3165821,-562.5777025,0.01112036783,0.01112036783
8.257775009,-569.8657324,-570.1284121,0.01267969842,0.01267969842
8.275951621,-577.5059075,-577.7701181,0.01421063264,0.01421063264
8.294128234,-585.2323083,-585.4980144,0.01570610484,0.01570610484
8.312304847,-593.039979,-593.3071378,0.01715885152,0.01715885152
8.33048146,-600.9239038,-601.1924653,0.01856150349,0.01856150349
8.348658073,-608.8791107,-609.1490174,0.0199066854,0.0199066854
8.366834685,-616.9007791,-617.1719662,0.02118711999,0.02118711999
8.385011298,-624.9843505,-625.2567463,0.02239573463,0.02239573463
8.403187911,-633.1256383,-633.3991641,0.02352576752,0.02352576752
8.421364524,-641.3209342,-641.5955051,0.0245708708,0.0245708708
8.439541136,-649.5671093,-649.8426345,0.02552520802,0.02552520802
8.457717749,-657.8617066,-658.1380901,0.02638354356,0.02638354356
8.475894362,-666.2030231,-666.4801644,0.02714132173,0.02714132173
8.494070975,-674.5901794,-674.8679742,0.02779473347,0.02779473347
8.512247588,-683.0231746,-683.3015154,0.02834076898,0.02834076898
8.5304242,-691.5029253,-691.7817026,0.02877725489,0.02877725489
8.548600813,-700.0312884,-700.3103913,0.02910287484,0.02910287484
8.566777426,-708.6110657,-708.8903829,0.02931717305,0.02931717305
8.584954039,-717.245991,-717.5254116,0.02942054043,0.02942054043
8.603130652,-725.9407001,-726.2201143,0.02941418376,0.02941418376
8.621307264,-734.7006834,-734.9799835,0.02930007851,0.02930007851
8.639483877,-743.5322241,-743.811305,0.02908090665,0.02908090665
8.65766049,-752.4423216,-752.7210816,0.028759981,0.028759981
8.675837103,-761.438604,-761.7169451,0.02834115837,0.02834115837
8.694013715,-770.529231,-770.8070598,0.02782874386,0.02782874386
8.712190328,-779.7227905,-780.0000179,0.02722738929,0.02722738929
8.730366941,-789.0281914,-789.3047334,0.02654198856,0.02654198856
8.748543554,-798.4545558,-798.7303333,0.02577757326,0.02577757326
8.766720167,-808.0111132,-808.2860524,0.02493921171,0.02493921171
8.784896779,-817.7070994,-817.9811313,0.02403191437,0.02403191437
8.803073392,-827.5516619,-827.8247224,0.0230605485,0.0230605485
8.821250005,-837.5537735,-837.8258033,0.02202976466,0.02202976466
8.839426618,-847.7221555,-847.9930994,0.02094393706,0.02094393706
8.857603231,-858.0652101,-858.3350173,0.01980711933,0.01980711933
8.875779843,-868.5909624,-868.8595854,0.01862301685,0.01862301685
8.893956456,-879.3070099,-879.5744048,0.01739497593,0.01739497593
8.912133069,-890.2204793,-890.4866053,0.01612598989,0.01612598989
8.930309682,-901.3379877,-901.6028064,0.01481872117,0.01481872117
8.948486294,-912.6656062,-912.9290817,0.01347553837,0.01347553837
8.966662907,-924.2088238,-924.4709224,0.01209856642,0.01209856642
8.98483952,-935.9725101,-936.2331999,0.01068974789,0.01068974789
9.003016133,-947.9608748,-948.2201257,0.009250913021,0.009250913021
9.021192746,-960.1774229,-960.4352068,0.007783855852,0.007783855852
9.039369358,-972.6249071,-972.8811975,0.006290413716,0.006290413717
9.057545971,-985.3052759,-985.5600484,0.004772547385,0.004772547385
9.075722584,-998.2196208,-998.4728533,0.003232419047,0.003232419047
9.093899197,-1011.368125,-1011.619797,0.001672465549,0.001672465549
9.11207581,-1024.750014,-1025.00011,9.546440924e-05,9.546440931e-05
9.130252422,-1038.363519,-1038.612024,-0.0014954096,-0.0014954096
9.148429035,-1052.205844,-1052.452747,-0.003096539258,-0.003096539257
9.166605648,-1066.273153,-1066.51845,-0.004703832696,-0.004703832696
9.184782261,-1080.560581,-1080.804268,-0.006312705474,-0.006312705473
9.202958873,-1095.062254,-1095.304336,-0.007918077756,-0.007918077757
9.221135486,-1109.771344,-1110.011829,-0.009514387103,-0.009514387103
9.239312099,-1124.680146,-1124.919051,-0.01109561682,-0.01109561682
9.257488712,-1139.780184,-1140.017529,-0.01265533956,-0.01265533956
9.275665325,-1155.062335,-1155.298148,-0.01418677519,-0.01418677519
9.293841937,-1170.516984,-1170.751302,-0.01568286184,-0.01568286184
9.31201855,-1186.134204,-1186.367067,-0.01713633845,-0.01713633845
9.330195163,-1201.903939,-1202.1354,-0.01853983674,-0.01853983674
9.348371776,-1217.816222,-1218.046336,-0.01988598066,-0.01988598066
9.366548389,-1233.861382,-1234.090215,-0.02116749056,-0.02116749057
9.384725001,-1250.030271,-1250.257894,-0.02237728979,-0.02237728979
9.402901614,-1266.314483,-1266.540974,-0.02350861084,-0.02350861084
9.421078227,-1282.706565,-1282.93201,-0.02455509854,-0.02455509854
9.43925484,-1299.200221,-1299.42471,-0.02551090767,-0.02551090766
9.457431452,-1315.790501,-1316.01413,-0.0263707925,-0.0263707925
9.475608065,-1332.473958,-1332.696828,-0.0271301861,-0.0271301861
9.493784678,-1349.248797,-1349.471012,-0.02778526718,-0.02778526718
9.511961291,-1366.114977,-1366.336644,-0.02833301303,-0.02833301303
9.530137904,-1383.074297,-1383.295525,-0.0287712369,-0.0287712369
9.548314516,-1400.130435,-1400.351337,-0.02909860887,-0.02909860887
9.566491129,-1417.288965,-1417.509651,-0.02931465965,-0.02931465965
9.584667742,-1434.557327,-1434.777907,-0.02941976702,-0.02941976702
9.602844355,-1451.944767,-1452.165352,-0.02941512522,-0.02941512522
9.621020968,-1469.462246,-1469.682944,-0.02930269808,-0.02930269808
9.63919758,-1487.122316,-1487.343231,-0.02908515698,-0.02908515698
9.657374193,-1504.938963,-1505.160197,-0.02876580544,-0.02876580544
9.675550806,-1522.927437,-1523.149089,-0.02834849244,-0.02834849244
9.693727419,-1541.104055,-1541.326217,-0.0278375168,-0.0278375168
9.711904031,-1559.485995,-1559.708757,-0.02723752568,-0.02723752568
9.730080644,-1578.09108,-1578.314527,-0.02655340996,-0.02655340996
9.748257257,-1596.937566,-1597.161776,-0.02579019989,-0.02579019989
9.76643387,-1616.043925,-1616.268972,-0.02495296396,-0.02495296396
9.784610483,-1635.428644,-1635.654597,-0.02404671421,-0.02404671421
9.802787095,-1655.110037,-1655.33696,-0.02307632076,-0.02307632076
9.820963708,-1675.106071,-1675.334024,-0.02204643811,-0.02204643811
9.839140321,-1695.43421,-1695.663248,-0.02096144519,-0.02096144519
9.857316934,-1716.111282,-1716.341456,-0.01982540094,-0.01982540094
9.875493547,-1737.153361,-1737.384719,-0.01864201635,-0.01864201635
9.893670159,-1758.575666,-1758.808251,-0.01741464339,-0.01741464339
9.911846772,-1780.392475,-1780.626329,-0.0161462808,-0.0161462808
9.930023385,-1802.617047,-1802.852208,-0.014839596,-0.014839596
9.948199998,-1825.261549,-1825.498052,-0.01349696183,-0.01349696183
9.96637661,-1848.336985,-1848.574864,-0.01212050664,-0.01212050664
9.984553223,-1871.853118,-1872.092406,-0.01071217533,-0.01071217533
10.00272984,-1895.818396,-1896.059123,-0.009273799354,-0.009273799353
10.02090645,-1920.239858,-1920.482051,-0.007807172685,-0.007807172684
10.03908306,-1945.123038,-1945.366724,-0.006314131363,-0.006314131363
10.05725967,-1970.471865,-1970.717068,-0.0047966336,-0.0047966336
10.07543629,-1996.288557,-1996.5353,-0.003256837831,-0.00325683783
10.0936129,-2022.573517,-2022.82182,-0.001697176037,-0.001697176038
10.11178951,-2049.325236,-2049.575115,-0.0001204199093,-0.0001204199118
10.12996613,-2076.540215,-2076.791685,0.001470262416,0.001470262416
10.14814274,-2104.212906,-2104.465978,0.003071260978,0.003071260979
10.16631935,-2132.335687,-2132.590365,0.004678491565,0.004678491565
10.18449596,-2160.898868,-2161.155155,0.006287377549,0.006287377549
10.20267258,-2189.890748,-2190.148641,0.007892846846,0.007892846848
10.22084919,-2219.29772,-2219.557209,0.009489344436,0.009489344437
10.2390258,-2249.104417,-2249.365488,0.01107086048,0.01107086049
10.25720242,-2279.293926,-2279.556557,0.01263097369,0.01263097369
10.27537903,-2309.848042,-2310.112205,0.01416290896,0.01416290896
10.29355564,-2340.74757,-2341.01323,0.01565960827,0.01565960827
10.31173225,-2371.972681,-2372.239794,0.01711381298,0.01711381298
10.32990887,-2403.50329,-2403.771808,0.01851815576,0.01851815576
10.34808548,-2435.319475,-2435.58934,0.01986525988,0.01986525988
10.36626209,-2467.401907,-2467.673055,0.02114784335,0.02114784335
10.3844387,-2499.73229,-2500.004649,0.02235882548,0.02235882549
10.40261532,-2532.293803,-2532.567295,0.0234914331,0.0234914331
10.42079193,-2565.071529,-2565.346069,0.02453930376,0.02453930376
10.43896854,-2598.052855,-2598.328352,0.0254965835,0.0254965835
10.45714516,-2631.227848,-2631.504206,0.0263580165,0.0263580165
10.47532177,-2664.589581,-2664.8667,0.02711902457,0.02711902457
10.49349838,-2698.13442,-2698.412196,0.02777577424,0.02777577424
10.51167499,-2731.862236,-2732.140562,0.0283252299,0.0283252299
10.52985161,-2765.776574,-2766.055339,0.02876519139,0.0287651914
10.54802822,-2799.884737,-2800.163832,0.02909431526,0.02909431526
10.56620483,-2834.197813,-2834.477125,0.02931211871,0.02931211871
10.58438145,-2868.730621,-2869.01004,0.02941896636,0.02941896636
10.60255806,-2903.501598,-2903.781014,0.02941603993,0.02941603993
10.62073467,-2938.532606,-2938.811912,0.02930529156,0.02930529155
10.63891128,-2973.848692,-2974.127781,0.02908938203,0.02908938203
10.6570879,-3009.477777,-3009.756548,0.02877160557,0.02877160557
10.67526451,-3045.450311,-3045.728667,0.02835580327,0.02835580327
10.69344112,-3081.798886,-3082.076733,0.02784626766,0.02784626766
10.71161773,-3118.55782,-3118.835068,0.02724764119,0.02724764119
10.72979435,-3155.762729,-3156.039294,0.02656481175,0.02656481175
10.74797096,-3193.450097,-3193.725899,0.02580280817,0.02580280817
10.76614757,-3231.656848,-3231.931815,0.02496669908,0.02496669908
10.78432419,-3270.419948,-3270.694009,0.02406149813,0.02406149813
10.8025008,-3309.776016,-3310.049108,0.02309207828,0.02309207828
10.82067741,-3349.760985,-3350.033048,0.02206309789,0.02206309789
10.83885402,-3390.409789,-3390.680768,0.02097894066,0.02097894066
10.85703064,-3431.756094,-3432.025938,0.01984367081,0.01984367081
10.87520725,-3473.832061,-3474.100722,0.01866100495,0.01866100494
10.89338386,-3516.668147,-3516.935581,0.01743430068,0.01743430068
10.91156048,-3560.29293,-3560.559097,0.01616656221,0.01616656221
10.92973709,-3604.732953,-3604.997813,0.01486046191,0.01486046191
10.9479137,-3650.012578,-3650.276096,0.01351837691,0.01351837691
10.96609031,-3696.153843,-3696.415985,0.01214243896,0.01214243896
10.98426693,-3743.176313,-3743.437048,0.01073459533,0.01073459533
11.00244354,-3791.096918,-3791.356214,0.009296678674,0.009296678674
11.02062015,-3839.929775,-3840.187605,0.007830482959,0.007830482961
11.03879676,-3889.685998,-3889.942336,0.006337842937,0.006337842938
11.05697338,-3940.373492,-3940.628312,0.004820714278,0.004820714278
11.07514999,-3991.99674,-3992.250021,0.003281251675,0.003281251676
11.0933266,-4044.556599,-4044.808321,0.001721882278,0.001721882278
11.11150322,-4098.050106,-4098.300252,0.0001453719497,0.0001453719503
11.12967983,-4152.470317,-4152.718872,-0.001445117801,-0.001445117802
11.14785644,-4207.806192,-4208.053146,-0.003045984261,-0.003045984257
11.16603305,-4264.042535,-4264.287882,-0.004653150857,-0.004653150854
11.18420967,-4321.160021,-4321.403759,-0.006262048789,-0.006262048789
11.20238628,-4379.135296,-4379.377428,-0.007867613722,-0.007867613722
11.22056289,-4437.941182,-4438.181718,-0.009464298064,-0.009464298063
11.23873951,-4497.546985,-4497.785939,-0.01104609885,-0.01104609885
11.25691612,-4557.918902,-4558.156295,-0.01260660084,-0.01260660084
11.27509273,-4619.020537,-4619.256398,-0.014139034,-0.014139034
11.29326934,-4680.81351,-4681.047874,-0.01563634416,-0.01563634416
11.31144596,-4743.25815,-4743.491059,-0.01709127514,-0.01709127514
11.32962257,-4806.314272,-4806.545775,-0.01849646058,-0.01849646058
11.34779918,-4869.941994,-4870.17215,-0.01984452308,-0.01984452308
11.36597579,-4934.102611,-4934.331483,-0.02112817836,-0.02112817836
11.38415241,-4998.759473,-4998.987132,-0.02234034172,-0.02234034172
11.40232902,-5063.878863,-5064.105389,-0.02347423433,-0.02347423433
11.42050563,-5129.43086,-5129.656337,-0.02452348651,-0.0245234865
11.43868225,-5195.390143,-5195.614661,-0.02548223554,-0.02548223554
11.45685886,-5261.73674,-5261.960395,-0.02634521557,-0.02634521557
11.47503547,-5328.456687,-5328.679579,-0.02710783716,-0.02710783716
11.49321208,-5395.542592,-5395.764826,-0.02776625467,-0.02776625467
11.5113887,-5462.994079,-5463.215762,-0.02831741958,-0.02831741958
11.52956531,-5530.818111,-5531.039352,-0.02875911838,-0.02875911838
11.54774192,-5599.029172,-5599.250082,-0.02908999402,-0.02908999402
11.56591854,-5667.649316,-5667.870007,-0.02930955022,-0.02930955022
11.58409515,-5736.70807,-5736.928652,-0.02941813845,-0.02941813845
11.60227176,-5806.242195,-5806.462778,-0.02941692787,-0.02941692787
11.62044837,-5876.295321,-5876.516013,-0.02930785893,-0.02930785893
11.63862499,-5946.91745,-5947.138356,-0.0290935818,-0.0290935818
11.6568016,-6018.164351,-6018.385574,-0.02877738137,-0.02877738137
11.67497821,-6090.096863,-6090.3185,-0.02836309084,-0.02836309084
11.69315483,-6162.78012,-6163.002265,-0.0278549964,-0.0278549964
11.71133144,-6236.282722,-6236.505464,-0.02725773581,-0.02725773581
11.72950805,-6310.675884,-6310.899308,-0.02657619389,-0.02657619389
11.74768466,-6386.032567,-6386.256752,-0.02581539806,-0.02581539805
11.76586128,-6462.42663,-6462.65165,-0.02498041707,-0.02498041707
11.78403789,-6539.93202,-6540.157944,-0.02407626613,-0.02407626613
11.8022145,-6618.62201,-6618.848902,-0.02310782102,-0.02310782102
11.82039111,-6698.568505,-6698.796425,-0.022079744,-0.022079744
11.83856773,-6779.841423,-6780.070426,-0.02099642345,-0.02099642345
11.85674434,-6862.508149,-6862.738287,-0.01986192893,-0.01986192893
11.87492095,-6946.63307,-6946.86439,-0.01867998261,-0.01867998262
11.89309757,-7032.277166,-7032.509712,-0.01745394781,-0.01745394781
11.91127418,-7119.497663,-7119.731476,-0.01618683411,-0.01618683411
11.92945079,-7208.347721,-7208.58284,-0.01488131889,-0.0148813189
11.9476274,-7298.876143,-7299.112603,-0.01353978359,-0.0135397836
11.96580402,-7391.127087,-7391.364923,-0.01216436336,-0.01216436336
11.98398063,-7485.139769,-7485.379012,-0.01075700786,-0.01075700786
12.00215724,-7580.948139,-7581.18882,-0.009319550977,-0.00931955098
12.02033386,-7678.58053,-7678.822677,-0.007853786677,-0.007853786675
12.03851047,-7778.059272,-7778.302911,-0.006361548436,-0.006361548434
12.05668708,-7879.400285,-7879.64544,-0.004844789407,-0.004844789409
12.07486369,-7982.612653,-7982.859347,-0.003305660583,-0.003305660578
12.09304031,-8087.698215,-8087.946468,-0.001746584259,-0.001746584257
12.11121692,-8194.651175,-8194.901005,-0.0001703205035,-0.0001703205114
12.12939353,-8303.457784,-8303.709204,0.001419975777,0.001419975771
12.14757014,-8414.096099,-8414.34912,0.003020709102,0.003020709109
12.16574676,-8526.535876,-8526.790504,0.00462781058,0.004627810584
12.18392337,-8640.738605,-8640.994842,0.006236719202,0.006236719211
12.20209998,-8756.657718,-8756.91556,0.007842378403,0.007842378404
12.2202766,-8874.238992,-8874.498431,0.009439248002,0.009439248005
12.23845321,-8993.421162,-8993.682183,0.01102133193,0.01102133193
12.25662982,-9114.136732,-9114.399314,0.01258222103,0.01258222102
12.27480643,-9236.313003,-9236.577118,0.01411515033,0.01411515033
12.29298305,-9359.873286,-9360.138899,0.01561306953,0.01561306954
12.31115966,-9484.738294,-9485.005363,0.01706872497,0.01706872496
12.32933627,-9610.827678,-9611.096153,0.01847475122,0.01847475122
12.34751289,-9738.061678,-9738.331502,0.01982377031,0.01982377031
12.3656895,-9866.362852,-9866.633961,0.02110849564,0.02110849563
12.38386611,-9995.657842,-9995.930164,0.02232183854,0.02232183854
12.40204272,-10125.87913,-10126.15259,0.02345701456,0.02345701455
12.42021934,-10256.96677,-10257.24127,0.02450764678,0.02450764678
12.43839595,-10388.86996,-10389.14543,0.02546786381,0.02546786381
12.45657256,-10521.54861,-10521.82494,0.02633238973,0.02633238972
12.47474917,-10654.9746,-10655.2517,0.02709662388,0.02709662388
12.49292579,-10789.13295,-10789.4107,0.02775670847,0.02775670847
12.5111024,-10924.02268,-10924.30099,0.02830958209,0.02830958208
12.52927901,-11059.65749,-11059.93624,0.02875301784,0.02875301785
12.54745563,-11196.06612,-11196.3452,0.02908564515,0.02908564515
12.56563224,-11333.29244,-11333.57174,0.02930695419,0.02930695419
12.58380885,-11471.39526,-11471.67468,0.0294172833,0.02941728329
12.60198546,-11610.4479,-11610.72731,0.02941778905,0.02941778904
12.62016208,-11750.53738,-11750.81669,0.02931040019,0.02931040019
12.63833869,-11891.76351,-11892.04261,0.02909775628,0.02909775627
12.6565153,-12034.23766,-12034.51644,0.02878313283,0.02878313283
12.67469192,-12178.08133,-12178.3597,0.02837035513,0.02837035513
12.69286853,-12323.42467,-12323.70253,0.02786370303,0.02786370302
12.71104514,-12470.40476,-12470.68203,0.02726780952,0.02726780952
12.72922175,-12619.16395,-12619.44053,0.02658755638,0.02658755637
12.74739837,-12769.8481,-12770.12392,0.02582796954,0.02582796954
12.76557498,-12922.6049,-12922.87989,0.0249941179,0.0249941179
12.78375159,-13077.58224,-13077.85633,0.02409101818,0.02409101818
12.80192821,-13234.92668,-13235.1998,0.02312354898,0.02312354897
12.82010482,-13394.78207,-13395.05417,0.0220963764,0.0220963764
12.83828143,-13557.28831,-13557.55932,0.02101389357,0.02101389356
12.85645804,-13722.58024,-13722.85012,0.01988017528,0.01988017528
12.87463466,-13890.78673,-13891.05543,0.01869894937,0.01869894936
12.89281127,-14062.02983,-14062.2973,0.01747358474,0.01747358474
12.91098788,-14236.42412,-14236.69033,0.01620709649,0.01620709649
12.92916449,-14414.07604,-14414.34094,0.01490216695,0.01490216695
12.94734111,-14595.08332,-14595.34688,0.01356118188,0.01356118188
12.96551772,-14779.53444,-14779.79662,0.01218627985,0.01218627984
12.98369433,-14967.50797,-14967.76875,0.01077941294,0.01077941293
13.00187095,-15159.07198,-15159.33133,0.009342416262,0.009342416261
13.02004756,-15354.28332,-15354.5412,0.007877083817,0.007877083819
13.03822417,-15553.18684,-15553.44322,0.006385247832,0.006385247842
13.05640078,-15755.81457,-15756.06944,0.004868858989,0.004868858984
13.0745774,-15962.1849,-15962.43823,0.003330064525,0.003330064523
13.09275401,-16172.30174,-16172.55352,0.001771281961,0.001771281964
13.11093062,-16386.15374,-16386.40393,0.0001952655948,0.0001952655821
13.12910724,-16603.71363,-16603.96223,-0.001394836327,-0.00139483634
13.14728385,-16824.93778,-16825.18479,-0.00299543556,-0.002995435551
13.16546046,-17049.76597,-17050.01136,-0.004602470777,-0.004602470772
13.18363707,-17278.1214,-17278.36518,-0.006211388842,-0.006211388837
13.20181369,-17509.91117,-17510.15335,-0.007817140919,-0.007817140913
13.2199903,-17745.02706,-17745.26765,-0.00941419429,-0.009414194288
13.23816691,-17983.34674,-17983.58574,-0.01099655976,-0.01099655976
13.25634352,-18224.73536,-18224.9728,-0.01255783428,-0.01255783428
13.27452014,-18469.04766,-18469.28357,-0.01409125798,-0.01409125798
13.29269675,-18716.13034,-18716.36475,-0.01558978443,-0.01558978443
13.31087336,-18965.82487,-18966.05782,-0.01704616247,-0.01704616247
13.32904998,-19217.97053,-19218.20208,-0.01845302774,-0.01845302772
13.34722659,-19472.40774,-19472.63794,-0.01980300157,-0.01980300158
13.3654032,-19728.98149,-19729.2104,-0.02108879518,-0.02108879519
13.38357981,-19987.54489,-19987.77259,-0.02230331596,-0.02230331595
13.40175643,-20247.96268,-20248.18924,-0.02343977378,-0.02343977379
13.41993304,-20510.11465,-20510.34015,-0.0244917846,-0.02449178461
13.43810965,-20773.89891,-20774.12346,-0.02545346831,-0.02545346832
13.45628627,-21039.23488,-21039.45856,-0.02631953899,-0.02631953898
13.47446288,-21306.06592,-21306.28884,-0.02708538474,-0.02708538474
13.49263949,-21574.36162,-21574.58387,-0.02774713566,-0.02774713566
13.5108161,-21844.11957,-21844.34127,-0.02830171745,-0.02830171742
13.52899272,-22115.36669,-22115.58794,-0.02874688982,-0.02874688981
13.54716933,-22388.15998,-22388.38089,-0.02908126864,-0.02908126864
13.56534594,-22662.58669,-22662.80738,-0.02930433062,-0.02930433061
13.58352255,-22938.764,-22938.98459,-0.02941640086,-0.02941640086
13.60169917,-23216.83808,-23217.05866,-0.02941862344,-0.02941862343
13.61987578,-23496.98258,-23497.20326,-0.02931291532,-0.02931291532
13.63805239,-23779.39674,-23779.61764,-0.02910190543,-0.02910190543
13.65622901,-24064.30294,-24064.52415,-0.0287888599,-0.02878885992
13.67440562,-24351.94394,-24352.16556,-0.02837759612,-0.02837759613
13.69258223,-24642.57976,-24642.80189,-0.02787238749,-0.0278723875
13.71075884,-24936.48441,-24936.70713,-0.0272778623,-0.0272778623
13.72893546,-25233.94246,-25234.16586,-0.02659889917,-0.02659889917
13.74711207,-25535.24556,-25535.46972,-0.02584052261,-0.0258405226
13.76528868,-25840.68907,-25840.91407,-0.02500780155,-0.02500780156
13.7834653,-26150.56881,-26150.79471,-0.02410575427,-0.02410575427
13.80164191,-26465.17798,-26465.40484,-0.02313926212,-0.02313926212
13.81981852,-26784.8044,-26785.03228,-0.02211299508,-0.02211299509
13.83799513,-27109.728,-27109.95697,-0.02103135096,-0.02103135097
13.85617175,-27440.21868,-27440.44878,-0.01989840985,-0.01989840985
13.87434836,-27776.53437,-27776.76565,-0.01871790518,-0.01871790516
13.89252497,-28118.91943,-28119.15193,-0.01749321149,-0.01749321149
13.91070158,-28467.60324,-28467.83702,-0.01622734934,-0.01622734934
13.9288782,-28822.79898,-28823.03406,-0.01492300607,-0.01492300607
13.94705481,-29184.70241,-29184.93883,-0.01358257174,-0.01358257175
13.96523142,-29553.49076,-29553.72855,-0.01220818841,-0.0122081884
13.98340804,-29929.32153,-29929.56073,-0.01080181052,-0.01080181053
14.00158465,-30312.3312,-30312.57184,-0.009365274527,-0.009365274513
14.01976126,-30702.63383,-30702.87593,-0.007900374389,-0.007900374385
14.03793787,-31100.31951,-31100.5631,-0.006408941168,-0.006408941154
14.05611449,-31505.45275,-31505.69785,-0.004892923,-0.004892922996
14.0742911,-31918.07076,-31918.31741,-0.003354463515,-0.003354463503
14.09246771,-32338.18184,-32338.43005,-0.001795975375,-0.001795975387
14.11064433,-32765.76378,-32766.01356,-0.0002202071628,-0.0002202071492
14.12882094,-33200.76257,-33201.01394,0.001369699523,0.001369699523
14.14699755,-33643.0915,-33643.34447,0.00297016355,0.002970163599
14.16517416,-34092.63061,-34092.88519,0.004577131403,0.004577131437
14.18335078,-34549.22689,-34549.48307,0.00618605769,0.006186057687
14.20152739,-35012.69503,-35012.95282,0.007791901262,0.007791901275
14.219704,-35482.81907,-35483.07846,0.009389136896,0.009389136935
14.23788062,-35959.35478,-35959.61575,0.0109717824,0.01097178237
14.25605723,-36442.03286,-36442.29539,0.01253344064,0.01253344064
14.27423384,-36930.5631,-36930.82716,0.014067357,0.01406735698
14.29241045,-37424.63913,-37424.9047,0.01556648882,0.01556648887
14.31058707,-37923.94403,-37924.21105,0.01702358769,0.0170235877
14.32876368,-38428.1564,-38428.42483,0.01843129008,0.01843129011
14.34694029,-38936.95702,-38937.2268,0.01978221692,0.01978221692
14.3651169,-39450.03569,-39450.30676,0.02106907702,0.02106907705
14.38329352,-39967.09833,-39967.37061,0.02228477398,0.02228477398
14.40147013,-40487.87402,-40488.14744,0.02342251209,0.02342251206
14.41964674,-41012.12185,-41012.39633,0.02447590002,0.02447590002
14.43782336,-41539.63744,-41539.91288,0.02543904909,0.0254390491
14.45599997,-42070.25891,-42070.53521,0.02630666337,0.02630666335
14.47417658,-42603.8722,-42604.14928,0.0270741198,0.02707411977
14.49235319,-43140.41565,-43140.69339,0.02773753623,0.02773753624
14.51052981,-43679.88356,-43680.16185,0.02829382558,0.0282938256
14.52870642,-44222.32883,-44222.60757,0.02874073424,0.02874073426
14.54688303,-44767.86449,-44768.14357,0.02907686448,0.02907686449
14.56505965,-45316.66413,-45316.94343,0.02930167944,0.02930167948
14.58323626,-45868.96115,-45869.24057,0.02941549115,0.02941549117
14.60141287,-46425.04698,-46425.3264,0.02941943103,0.02941943103
14.61958948,-46985.26811,-46985.54743,0.0293154043,0.02931540431
14.6377661,-47550.02223,-47550.30134,0.02910602926,0.02910602926
14.65594271,-48119.75341,-48120.0322,0.02879456263,0.02879456264
14.67411932,-48694.94653,-48695.22492,0.02838481382,0.02838481381
14.69229593,-49276.12116,-49276.39904,0.02788104977,0.02788104981
14.71047255,-49863.8249,-49864.10219,0.02728789412,0.02728789412
14.72864916,-50458.6266,-50458.90321,0.02661022224,0.02661022226
14.74682577,-51061.10937,-51061.38523,0.02585305721,0.02585305722
14.76500239,-51671.86388,-51672.1389,0.02502146805,0.02502146802
14.783179,-52291.48174,-52291.75586,0.02412047437,0.02412047437
14.80135561,-52920.54949,-52920.82265,0.02315496047,0.02315496044
14.81953222,-53559.64296,-53559.91509,0.02212960003,0.02212960005
14.83770884,-54209.32231,-54209.59336,0.02104879568,0.02104879565
14.85588545,-54870.12763,-54870.39754,0.01991663261,0.01991663264
14.87406206,-55542.57518,-55542.84391,0.01873685001,0.01873685001
14.89223868,-56227.15413,-56227.42164,0.01751282802,0.01751282802
14.91041529,-56924.32375,-56924.58999,0.01624759266,0.01624759265
14.9285919,-57634.51087,-57634.77581,0.01494383622,0.01494383624
14.94676851,-58358.10759,-58358.3712,0.01360395318,0.0136039532
14.96494513,-59095.46898,-59095.73121,0.012230089,0.01223008902
14.98312174,-59846.91066,-59847.17149,0.01082420065,0.01082420064
15.00129835,-60612.70628,-60612.96567,0.009388125691,0.009388125726
15.01947496,-61393.08466,-61393.34258,0.007923658341,0.007923658366
15.03765158,-62188.22677,-62188.48321,0.006432628354,0.006432628364
15.05582819,-62998.26246,-62998.51738,0.004916981423,0.004916981435
15.0740048,-63823.26704,-63823.52042,0.003378857436,0.003378857507
15.09218142,-64663.25801,-64663.50983,0.001820664482,0.001820664515
15.11035803,-65518.19192,-65518.44217,0.000245145151,0.0002451451996
15.12853464,-66387.96181,-66388.21047,-0.001344565375,-0.001344565335
15.14671125,-67272.39524,-67272.64229,-0.00294489332,-0.002944893272
15.16488787,-68171.25335,-68171.4988,-0.00455179259,-0.004551792599
15.18306448,-69084.23112,-69084.47496,-0.006160725869,-0.006160725783
15.20124109,-70010.95895,-70011.20118,-0.007766659561,-0.00776665951
15.21941771,-70951.0058,-70951.24644,-0.009364076031,-0.009364075971
15.23759432,-71903.88403,-71904.12308,-0.01094699987,-0.01094699978
15.25577093,-72869.05579,-72869.29328,-0.01250904007,-0.01250904011
15.27394754,-73845.94119,-73846.17715,-0.01404344737,-0.01404344735
15.29212416,-74833.92793,-74834.16239,-0.01554318288,-0.01554318289
15.31030077,-75832.38235,-75832.61535,-0.01700100066,-0.01700100067
15.32847738,-76840.66172,-76840.89331,-0.01840953843,-0.0184095384
15.346654,-77858.12734,-77858.35758,-0.01976141641,-0.01976141636
15.36483061,-78884.15844,-78884.38739,-0.02104934123,-0.02104934126
15.38300722,-79918.16621,-79918.39394,-0.02226621263,-0.02226621267
15.40118383,-80959.60795,-80959.83454,-0.02340522947,-0.0234052294
15.41936045,-82008.00078,-82008.22632,-0.02445999312,-0.02445999303
15.43753706,-83062.93466,-83063.15923,-0.02542460617,-0.02542460616
15.45571367,-84124.08439,-84124.30809,-0.02629376286,-0.02629376287
15.47389028,-85191.22028,-85191.44322,-0.02706282897,-0.02706282896
15.4920669,-86264.21726,-86264.43953,-0.02772791014,-0.02772791023
15.51024351,-87343.06212,-87343.28383,-0.02828590666,-0.02828590662
15.52842012,-88427.85877,-88428.08004,-0.02873455122,-0.02873455122
15.54659674,-89518.83138,-89519.05231,-0.02907243276,-0.02907243271
15.56477335,-90616.32521,-90616.54591,-0.02929900082,-0.02929900079
15.58294996,-91720.80521,-91721.0258,-0.02941455429,-0.02941455421
15.60112657,-92832.85244,-92833.07302,-0.02942021184,-0.02942021183
15.61930319,-93953.15822,-93953.3789,-0.02931786717,-0.02931786716
15.6374798,-95082.51638,-95082.73727,-0.02911012775,-0.02911012776
15.65565641,-96221.8137,-96222.0349,-0.02880024097,-0.02880024096
15.67383303,-97372.01878,-97372.24039,-0.02839200823,-0.02839200816
15.69200964,-98534.16974,-98534.39185,-0.02788968993,-0.02788968993
15.71018625,-99709.36105,-99709.58375,-0.02729790499,-0.02729790498
15.72836286,-100898.7298,-100898.9532,-0.02662152574,-0.02662152563
15.74653948,-102103.442,-102103.6661,-0.02586557338,-0.02586557338
15.76471609,-103324.6788,-103324.9037,-0.02503511735,-0.02503511726
15.7828927,-104563.6235,-104563.8493,-0.02413517848,-0.02413517847
15.80106931,-105821.4494,-105821.6762,-0.02317064397,-0.02317064392
15.81924593,-107099.3086,-107099.5365,-0.02214619124,-0.02214619125
15.83742254,-108398.3221,-108398.5511,-0.02106622758,-0.0210662276
15.85559915,-109719.5707,-109719.8008,-0.01993484372,-0.01993484361
15.87377577,-111064.0878,-111064.3191,-0.01875578394,-0.01875578389
15.89195238,-112432.8526,-112433.0851,-0.01753243431,-0.01753243434
15.91012899,-113826.7846,-113827.0184,-0.01626782652,-0.01626782641
15.9283056,-115246.7386,-115246.9737,-0.01496465746,-0.01496465745
15.94648222,-116693.4999,-116693.7363,-0.01362532626,-0.01362532622
15.96465883,-118167.7799,-118168.0176,-0.01225198174,-0.0122519817
15.98283544,-119670.211,-119670.4502,-0.01084658327,-0.01084658326
16.00101206,-121201.342,-121201.5825,-0.009410969957,-0.009410969895
16.01918867,-122761.6319,-122761.8739,-0.007946935904,-0.007946935754
16.03736528,-124351.4443,-124351.6878,-0.006456309609,-0.006456309462
16.05554189,-125971.0405,-125971.2855,-0.004941034378,-0.004941034291
16.07371851,-127620.5729,-127620.8195,-0.003403246592,-0.003403246525
16.09189512,-129300.0784,-129300.3265,-0.001845349339,-0.001845349337
16.11007173,-131009.4721,-131009.7218,-0.0002700798213,-0.0002700797202
16.12824834,-132748.5421,-132748.7934,0.001319433824,0.001319433791
16.14642496,-134516.9455,-134517.1985,0.002919624501,0.002919624584
16.16460157,-136314.2069,-136314.4615,0.00452645414,0.004526454275
16.18277818,-138139.7183,-138139.9744,0.006135392876,0.006135393145
16.2009548,-139992.7423,-139993,0.007741415466,0.007741415642
16.21913141,-141872.4189,-141872.6783,0.009339011303,0.00933901142
16.23730802,-143777.7745,-143778.0354,0.01092221204,0.01092221201
16.25548463,-145707.7349,-145707.9974,0.01248463267,0.01248463274
16.27366125,-147661.1414,-147661.4054,0.01401952896,0.01401952912
16.29183786,-149636.7704,-149637.036,0.01551986649,0.01551986651
16.31001447,-151633.3551,-151633.6221,0.01697840134,0.01697840141
16.32819109,-153649.6101,-153649.8784,0.01838777252,0.01838777264
16.3463677,-155684.2576,-155684.5274,0.01974059991,0.01974059994
16.36454431,-157736.0554,-157736.3265,0.02102958778,0.02102958783
16.38272092,-159803.8247,-159804.097,0.02224763195,0.02224763204
16.40089754,-161886.4785,-161886.7518,0.0233879257,0.02338792582
16.41907415,-163983.0488,-163983.3232,0.02444406366,0.02444406366
16.43725076,-166092.7131,-166092.9885,0.02541013947,0.02541013953
16.45542737,-168214.8182,-168215.0945,0.02628083748,0.02628083753
16.47360399,-170348.9016,-170349.1787,0.02705151221,0.02705151235
16.4917806,-172494.7097,-172494.9875,0.02771825748,0.02771825763
16.50995721,-174652.2126,-174652.4909,0.02827796046,0.02827796049
16.52813383,-176821.6142,-176821.8929,0.02872834067,0.02872834068
16.54631044,-179003.3591,-179003.6382,0.02906797308,0.0290679733
16.56448705,-181198.1341,-181198.4134,0.02929629464,0.02929629454
16.58266366,-183406.8653,-183407.1447,0.02941358992,0.02941358996
16.60084028,-185630.7112,-185630.9906,0.02942096579,0.02942096581
16.61901689,-187871.0511,-187871.3304,0.02932030373,0.02932030385
16.6371935,-190129.4696,-190129.7487,0.02911420085,0.0291142009
16.65537012,-192407.7374,-192408.0162,0.02880589466,0.02880589488
16.67354673,-194707.7894,-194708.0678,0.02839917908,0.02839917916
16.69172334,-197031.6998,-197031.9777,0.02789830774,0.02789830786
16.70989995,-199381.656,-199381.9333,0.02730789487,0.02730789484
16.72807657,-201759.931,-201760.2076,0.02663280911,0.02663280926
16.74625318,-204168.856,-204169.1319,0.0258780712,0.02587807105
16.76442979,-206610.7931,-206611.0681,0.02504874908,0.02504874926
16.78260641,-209088.109,-209088.3832,0.02414986643,0.02414986655
16.80078302,-211603.151,-211603.4242,0.02318631246,0.02318631255
16.81895963,-214158.2239,-214158.4961,0.02216276858,0.0221627687
16.83713624,-216755.5708,-216755.8419,0.0210836468,0.0210836468
16.85531286,-219397.3547,-219397.6246,0.01995304253,0.01995304277
16.87348947,-222085.6439,-222085.9127,0.01877470675,0.01877470678
16.89166608,-224822.3987,-224822.6663,0.01755203024,0.01755203043
16.90984269,-227609.4601,-227609.7264,0.01628805048,0.0162880506
16.92801931,-230448.5397,-230448.8047,0.01498546969,0.01498546969
16.94619592,-233341.2105,-233341.4741,0.01364669064,0.01364669081
16.96437253,-236288.8973,-236289.1596,0.01227386622,0.01227386643
16.98254915,-239292.868,-239293.1289,0.01086895823,0.01086895839
17.00072576,-242354.2226,-242354.482,0.009433806816,0.009433807013
17.01890237,-245473.8821,-245474.1401,0.007970206439,0.007970206543
17.03707898,-248652.5767,-248652.8332,0.006479984149,0.006479984441
17.0552556,-251890.8325,-251891.0874,0.004965081462,0.004965081557
17.07343221,-255188.9577,-255189.2111,0.003427630349,0.003427630547
17.09160882,-258547.0298,-258547.2817,0.001870029635,0.00187002984
17.10978544,-261964.883,-261965.1333,0.0002950105118,0.0002950106979
17.12796205,-265442.0975,-265442.3462,-0.001294305141,-0.001294304905
17.14613866,-268977.9919,-268978.239,-0.002894357953,-0.002894357554
17.16431527,-272571.6192,-272571.8647,-0.004501116811,-0.004501116485
17.18249189,-276221.7675,-276222.0114,-0.006110060029,-0.006110059794
17.2006685,-279926.9664,-279927.2087,-0.007716170163,-0.007716169693
17.21884511,-283685.4994,-283685.7401,-0.009313943738,-0.009313943307
17.23702172,-287495.4225,-287495.6616,-0.01089741924,-0.0108974191
17.25519834,-291354.5904,-291354.828,-0.01246021863,-0.01246021855
17.27337495,-295260.6882,-295260.9242,-0.01399560249,-0.01399560233
17.29155156,-299211.2702,-299211.5047,-0.01549654012,-0.01549653976
17.30972818,-303203.8036,-303204.0367,-0.01695579034,-0.01695578996
17.32790479,-307235.718,-307235.9497,-0.01836599293,-0.01836599285
17.3460814,-311304.4574,-311304.6876,-0.01971976768,-0.01971976767
17.36425801,-315407.5353,-315407.7643,-0.02100981685,-0.02100981679
17.38243463,-319542.5918,-319542.8196,-0.02222903259,-0.0222290321
17.40061124,-323707.4495,-323707.6761,-0.02337060159,-0.02337060136
17.41878785,-327900.1684,-327900.394,-0.0244281122,-0.02442811193
17.43696447,-332119.0986,-332119.3232,-0.02539564943,-0.02539564922
17.45514108,-336362.9278,-336363.1515,-0.02626788785,-0.02626788737
17.47331769,-340630.7246,-340630.9476,-0.02704016998,-0.02704016993
17.4914943,-344921.9752,-344922.1975,-0.02770857862,-0.02770857846
17.50967092,-349236.6123,-349236.834,-0.02826998732,-0.02826998723
17.52784753,-353575.0364,-353575.2577,-0.02872210299,-0.02872210264
17.54602414,-357938.1291,-357938.35,-0.02906348638,-0.02906348626
17.56420075,-362327.2561,-362327.4768,-0.02929356083,-0.02929356073
17.58237737,-366744.2624,-366744.483,-0.02941259847,-0.02941259843
17.60055398,-371191.4578,-371191.6784,-0.02942169312,-0.02942169298
17.61873059,-375671.5942,-375671.8149,-0.02932271431,-0.02932271436
17.63690721,-380187.8346,-380188.0554,-0.0291182489,-0.02911824868
17.65508382,-384743.7148,-384743.936,-0.02881152462,-0.02881152438
17.67326043,-389343.0999,-389343.3215,-0.02840632672,-0.02840632679
17.69143704,-393990.1342,-393990.3563,-0.02790690371,-0.02790690357
17.70961366,-398689.1894,-398689.4121,-0.02731786401,-0.02731786369
17.72779027,-403444.8094,-403445.0328,-0.02664407343,-0.02664407313
17.74596688,-408261.6551,-408261.8793,-0.02589055029,-0.02589055022
17.7641435,-413144.4502,-413144.6751,-0.02506236406,-0.02506236402
17.78232011,-418097.9284,-418098.1542,-0.02416453901,-0.02416453859
17.80049672,-423126.785,-423127.0117,-0.02320196625,-0.02320196629
17.81867333,-428235.6316,-428235.8594,-0.02217933233,-0.02217933236
17.83684995,-433428.9563,-433429.1852,-0.02110105351,-0.02110105324
17.85502656,-438711.0883,-438711.3183,-0.01997123036,-0.01997123009
17.87320317,-444086.1672,-444086.3984,-0.01879361906,-0.01879361869
17.89137979,-449558.1173,-449558.3497,-0.01757161651,-0.01757161628
17.9095564,-455130.6243,-455130.858,-0.0163082658,-0.01630826523
17.92773301,-460807.1158,-460807.3508,-0.01500627311,-0.01500627296
17.94590962,-466590.7422,-466590.9785,-0.01366804744,-0.01366804696
17.96408624,-472484.3582,-472484.5959,-0.01229574345,-0.0122957432
17.98226285,-478490.5044,-478490.7435,-0.0108913263,-0.01089132602
18.00043946,-484611.3862,-484611.6267,-0.009456637432,-0.009456637071
18.01861607,-490848.8518,-490849.0938,-0.00799347111,-0.007993470725
18.03679269,-497204.3676,-497204.6111,-0.006503653596,-0.006503653293
18.0549693,-503678.9923,-503679.2373,-0.004989123612,-0.004989123224
18.07314591,-510273.3497,-510273.5962,-0.003452009987,-0.003452009563
18.09132253,-516987.6022,-516987.8503,-0.001894706278,-0.001894706014
18.10949914,-523821.4258,-523821.6755,-0.0003199384664,-0.0003199381198
18.12767575,-530773.9892,-530774.2405,0.001269178116,0.001269178693
18.14585236,-537843.9379,-537844.1908,0.002869091346,0.002869092198
18.16402898,-545029.3864,-545029.6408,0.004475778434,0.004475779247
18.18220559,-552327.9191,-552328.1752,0.006084724795,0.006084725749
18.2003822,-559736.6033,-559736.861,0.007690921077,0.007690921685
18.21855882,-567252.0134,-567252.2727,0.009288870613,0.009288871655
18.23673543,-574870.2683,-574870.5292,0.01087262062,0.01087262106
18.25491204,-582587.0832,-582587.3457,0.01243579714,0.01243579756
18.27308865,-590397.8332,-590398.0971,0.01397166669,0.01397166699
18.29126527,-598297.6302,-598297.8956,0.01547320245,0.01547320267
18.30944188,-606281.411,-606281.6779,0.01693316607,0.01693316634
18.32761849,-614344.0349,-614344.3032,0.01834419894,0.01834419905
18.3457951,-622480.3884,-622480.6581,0.01969891903,0.01969891959
18.36397172,-630685.4961,-630685.7671,0.02099002758,0.02099002818
18.38214833,-638954.633,-638954.9052,0.02221041243,0.0222104129
18.40032494,-647283.4376,-647283.7109,0.02335325547,0.02335325603
18.41850156,-655668.0219,-655668.2963,0.02441213734,0.02441213788
18.43667817,-664105.0758,-664105.3512,0.02538113506,0.02538113526
18.45485478,-672591.9637,-672592.2399,0.02625491226,0.02625491239
18.47303139,-681126.8103,-681127.0873,0.02702880139,0.02702880173
18.49120801,-689708.5741,-689708.8518,0.02769887215,0.02769887273
18.50938462,-698337.1061,-698337.3843,0.02826198586,0.02826198683
18.52756123,-707013.1926,-707013.4713,0.02871583647,0.02871583712
18.54573785,-715738.5812,-715738.8602,0.02905897121,0.02905897158
18.56391446,-724515.9882,-724516.2675,0.02929079987,0.02929079935
18.58209107,-733349.0888,-733349.3682,0.0294115796,0.0294115796
18.60026768,-742242.4882,-742242.7676,0.02942239295,0.02942239333
18.6184443,-751201.6766,-751201.9559,0.02932509815,0.02932509869
18.63662091,-760232.9676,-760233.2467,0.02912227123,0.02912227107
18.65479752,-769343.422,-769343.7009,0.0288171292,0.02881712943
18.67297413,-778540.76,-778541.0384,0.02841345128,0.02841345104
18.69115075,-787833.2624,-787833.5403,0.02791547636,0.02791547704
18.70932736,-797229.6661,-797229.9434,0.02732781111,0.02732781152
18.72750397,-806739.0544,-806739.3311,0.02665531693,0.02665531722
18.74568059,-816370.7464,-816371.0223,0.02590301062,0.02590301087
18.7638572,-826134.188,-826134.463,0.02507596172,0.0250759615
18.78203381,-836038.8473,-836039.1215,0.02417919436,0.02417919458
18.80021042,-846094.1167,-846094.39,0.02321760461,0.02321760514
18.81838704,-856309.2229,-856309.4951,0.02219588193,0.02219588222
18.83656365,-866693.1464,-866693.4175,0.0211184466,0.0211184469
18.85474026,-877254.5509,-877254.8209,0.01998940483,0.01998940556
18.87291688,-888001.7223,-888001.9911,0.01881251915,0.01881251959
18.89109349,-898942.516,-898942.7836,0.01759119122,0.01759119188
18.9092701,-910084.3116,-910084.5779,0.01632846973,0.01632847028
18.92744671,-921433.9725,-921434.2376,0.01502706646,0.01502706725
18.94562333,-932997.8084,-932998.0721,0.01368939329,0.01368939466
18.96379994,-944781.5387,-944781.801,0.01231761137,0.01231761201
18.98197655,-956790.2544,-956790.5153,0.01091368578,0.01091368614
19.00015316,-969028.3774,-969028.6368,0.009479459608,0.009479460065
19.01832978,-981499.6156,-981499.8736,0.008016727399,0.008016728293
19.03650639,-994206.9143,-994207.1708,0.006527314661,0.00652731601
19.054683,-1007152.404,-1007152.659,0.005013158778,0.005013159282
19.07285962,-1020337.347,-1020337.6,0.003476382699,0.003476383564
19.09103623,-1033762.082,-1033762.334,0.001919376547,0.001919377847
19.10921284,-1047425.977,-1047426.228,0.0003448612988,0.0003448619729
19.12738945,-1061327.387,-1061327.635,-0.001244056504,-0.001244055169
19.14556607,-1075463.617,-1075463.865,-0.002843828173,-0.002843828533
19.16374268,-1089830.915,-1089831.161,-0.004450443666,-0.00445044258
19.18191929,-1104424.466,-1104424.71,-0.006059391657,-0.006059391033
19.20009591,-1119238.42,-1119238.662,-0.007665672805,-0.007665671641
19.21827252,-1134265.941,-1134266.181,-0.009263797197,-0.009263796489
19.23644913,-1149499.28,-1149499.519,-0.01084781811,-0.01084781793
19.25462574,-1164929.88,-1164930.117,-0.01241137111,-0.0124113698
19.27280236,-1180548.5,-1180548.736,-0.0139477246,-0.01394772314
19.29097897,-1196345.371,-1196345.606,-0.01544985711,-0.01544985527
19.30915558,-1212310.371,-1212310.604,-0.01691053133,-0.01691053059
19.3273322,-1228433.219,-1228433.451,-0.01832239307,-0.01832239129
19.34550881,-1244703.686,-1244703.916,-0.01967805834,-0.01967805572
19.36368542,-1261111.814,-1261112.043,-0.02097022301,-0.02097022201
19.38186203,-1277648.144,-1277648.372,-0.02219177526,-0.02219177445
19.40003865,-1294303.94,-1294304.167,-0.02333589061,-0.02333588987
19.41821526,-1311071.409,-1311071.635,-0.02439614246,-0.02439614151
19.43639187,-1327943.912,-1327944.137,-0.02536659804,-0.02536659766
19.45456848,-1344916.154,-1344916.378,-0.02624191297,-0.02624191262
19.4727451,-1361984.359,-1361984.582,-0.02701740782,-0.02701740775
19.49092171,-1379146.418,-1379146.64,-0.02768914029,-0.02768914044
19.50909832,-1396402.003,-1396402.225,-0.02825396159,-0.02825395931
19.52727494,-1413752.658,-1413752.879,-0.0287095448,-0.02870954411
19.54545155,-1431201.846,-1431202.067,-0.02905443078,-0.02905442928
19.56362816,-1448754.97,-1448755.19,-0.02928801067,-0.02928801041
19.58180477,-1466419.35,-1466419.571,-0.02941053477,-0.02941053348
19.59998139,-1484204.169,-1484204.389,-0.02942306781,-0.02942306684
19.618158,-1502120.379,-1502120.6,-0.02932745731,-0.02932745683
19.63633461,-1520180.583,-1520180.804,-0.02912626904,-0.02912626807
19.65451123,-1538398.881,-1538399.102,-0.02882271074,-0.02882271003
19.67268784,-1556790.693,-1556790.915,-0.02842055284,-0.02842055189
19.69086445,-1575372.565,-1575372.787,-0.02792402939,-0.02792402825
19.70904106,-1594161.959,-1594162.181,-0.02733774041,-0.0273377383
19.72721768,-1613177.031,-1613177.254,-0.02666654228,-0.0266665415
19.74539429,-1632436.413,-1632436.638,-0.02591545274,-0.02591545298
19.7635709,-1651958.997,-1651959.222,-0.02508954145,-0.02508954168
19.78174751,-1671763.718,-1671763.944,-0.02419383614,-0.02419383448
19.79992413,-1691869.365,-1691869.592,-0.02323322953,-0.02323322908
19.81810074,-1712294.399,-1712294.627,-0.02221241803,-0.02221241827
19.83627735,-1733056.788,-1733057.017,-0.02113582753,-0.02113582776
19.85445397,-1754173.872,-1754174.102,-0.02000757004,-0.02000756917
19.87263058,-1775662.236,-1775662.467,-0.01883141045,-0.01883140947
19.89080719,-1797537.603,-1797537.835,-0.01761075947,-0.01761075721
19.9089838,-1819814.749,-1819814.983,-0.01634866768,-0.01634866573
19.92716042,-1842507.418,-1842507.653,-0.01504785335,-0.01504785254
19.94533703,-1865628.247,-1865628.484,-0.01371073467,-0.0137107339
19.96351364,-1889188.694,-1889188.932,-0.01233947417,-0.01233947284
19.98169026,-1913198.962,-1913199.201,-0.01093603973,-0.01093603874
19.99986687,-1937667.916,-1937668.156,-0.00950227771,-0.009502275985
20.01804348,-1962602.994,-1962603.236,-0.008039981127,-0.00803997924
20.03622009,-1988010.114,-1988010.357,-0.006550974678,-0.006550972585
20.05439671,-2013893.561,-2013893.806,-0.005037191324,-0.005037189724
20.07257332,-2040255.888,-2040256.134,-0.003500754246,-0.003500752539
20.09074993,-2067097.804,-2067098.052,-0.001944047166,-0.001944045328
20.10892654,-2094418.077,-2094418.326,-0.0003697834909,-0.0003697822441
20.12710316,-2122213.445,-2122213.696,0.001218931284,0.001218934349
20.14527977,-2150478.557,-2150478.81,0.002818563953,0.002818566575
20.16345638,-2179205.938,-2179206.192,0.004425107036,0.004425106503
20.181633,-2208385.993,-2208386.249,0.006034053862,0.006034055664
20.19980961,-2238007.054,-2238007.311,0.0076404172,0.007640419583
20.21798622,-2268055.478,-2268055.737,0.009238715749,0.009238717833
20.23616283,-2298515.797,-2298516.058,0.01082300721,0.01082300973
20.25433945,-2329370.918,-2329371.18,0.01238693297,0.0123869353
20.27251606,-2360602.38,-2360602.644,0.01392377075,0.0139237708
20.29069267,-2392190.658,-2392190.923,0.01542649418,0.01542649758
20.30886929,-2424115.516,-2424115.783,0.01688788319,0.01688788272
20.3270459,-2456356.395,-2456356.663,0.01830056775,0.01830056958
20.34522251,-2488892.83,-2488893.1,0.01965717459,0.0196571761
20.36339912,-2521704.896,-2521705.167,0.02095039794,0.02095039832
20.38157574,-2554773.654,-2554773.926,0.02217311598,0.02217311678
20.39975235,-2588081.606,-2588081.879,0.02331850259,0.02331850288
20.41792896,-2621613.133,-2621613.407,0.02438011905,0.02438012285
20.43610558,-2655354.916,-2655355.191,0.02535203425,0.02535203644
20.45428219,-2689296.322,-2689296.598,0.02622888703,0.02622888807
20.4724588,-2723429.749,-2723430.026,0.02700598445,0.02700598801
20.49063541,-2757750.923,-2757751.2,0.02767938003,0.02767938162
20.50881203,-2792259.131,-2792259.409,0.02824590215,0.02824590467
20.52698864,-2826957.4,-2826957.679,0.02870321972,0.02870322362
20.54516525,-2861852.598,-2861852.877,0.02904985659,0.02904985934
20.56334186,-2896955.468,-2896955.747,0.02928519342,0.0292851939
20.58151848,-2932280.59,-2932280.87,0.02940945886,0.02940946006
20.59969509,-2967846.273,-2967846.552,0.02942371136,0.0294237135
20.6178717,-3003674.368,-3003674.647,0.02932978608,0.02932978876
20.63604832,-3039790.03,-3039790.309,0.02913023951,0.02913023967
20.65422493,-3076221.413,-3076221.692,0.02882826654,0.02882826616
20.67240154,-3112999.321,-3112999.6,0.02842762927,0.02842762932
20.69057815,-3150156.814,-3150157.091,0.02793255728,0.02793255719
20.70875477,-3187728.786,-3187729.064,0.02734764339,0.02734764401
20.72693138,-3225751.536,-3225751.813,0.02667774307,0.02667774597
20.74510799,-3264262.316,-3264262.592,0.02592787612,0.02592787653
20.76328461,-3303298.9,-3303299.175,0.0251031043,0.02510310455
20.78146122,-3342899.164,-3342899.439,0.02420845581,0.02420845829
20.79963783,-3383100.694,-3383100.967,0.02324883733,0.02324883809
20.81781444,-3423940.421,-3423940.694,0.02222893992,0.02222894049
20.83599106,-3465454.304,-3465454.575,0.02115319576,0.02115319581
20.85416767,-3507677.041,-3507677.311,0.02002571849,0.0200257209
20.87234428,-3550641.826,-3550642.095,0.01885028649,0.01885028832
20.89052089,-3594380.139,-3594380.406,0.017630307,0.01763031228
20.90869751,-3638921.56,-3638921.826,0.01636884967,0.01636885159
20.92687412,-3684293.61,-3684293.875,0.01506862789,0.01506862883
20.94505073,-3730521.601,-3730521.864,0.01373206358,0.01373206467
20.96322735,-3777628.485,-3777628.748,0.012361323,0.0123613257
20.98140396,-3825634.71,-3825634.971,0.01095838007,0.01095838382
20.99958057,-3874558.049,-3874558.308,0.009525083937,0.009525084826
21.01775718,-3924413.427,-3924413.685,0.008063220419,0.008063223557
21.0359338,-3975212.724,-3975212.981,0.006574620493,0.006574623008
21.05411041,-4026964.569,-4026964.825,0.005061212461,0.005061214539
21.07228702,-4079674.122,-4079674.375,0.003525115084,0.003525116478
21.09046364,-4133342.86,-4133343.112,0.00196870463,0.001968708446
21.10864025,-4187968.38,-4187968.631,0.0003946963698,0.0003946989205
21.12681686,-4243544.227,-4243544.475,-0.001193816774,-0.001193816246
21.14499347,-4300059.763,-4300060.01,-0.002793311141,-0.002793306341
21.16317009,-4357500.105,-4357500.351,-0.004399772733,-0.004399771033
21.1813467,-4415846.13,-4415846.374,-0.006008721888,-0.006008719664
21.19952331,-4475074.566,-4475074.808,-0.00761516951,-0.007615165533
21.21769992,-4535158.187,-4535158.428,-0.009213639423,-0.009213635711
21.23587654,-4596066.112,-4596066.351,-0.0107982019,-0.01079819648
21.25405315,-4657764.201,-4657764.439,-0.01236249972,-0.01236249408
21.27222976,-4720215.572,-4720215.808,-0.01389981154,-0.01389981001
21.29040638,-4783381.203,-4783381.438,-0.01540313102,-0.01540312964
21.30858299,-4847220.639,-4847220.873,-0.01686522365,-0.01686522277
21.3267596,-4911692.765,-4911692.996,-0.01827873942,-0.01827873396
21.34493621,-4976756.642,-4976756.873,-0.01963628456,-0.01963628075
21.36311283,-5042372.395,-5042372.624,-0.0209305631,-0.02093055714
21.38128944,-5108502.108,-5108502.336,-0.02215444297,-0.02215443991
21.39946605,-5175110.733,-5175110.96,-0.02330109663,-0.02330109511
21.41764267,-5242166.967,-5242167.192,-0.02436408121,-0.02436408192
21.43581928,-5309644.092,-5309644.316,-0.02533745114,-0.02533745162
21.45399589,-5377520.753,-5377520.976,-0.02621584293,-0.02621583875
21.4721725,-5445781.645,-5445781.868,-0.02699454501,-0.02699454253
21.49034912,-5514418.111,-5514418.333,-0.02766959742,-0.02766959626
21.50852573,-5583428.61,-5583428.832,-0.02823783178,-0.02823782293
21.52670234,-5652819.076,-5652819.298,-0.02869687881,-0.02869687566
21.54487895,-5722603.123,-5722603.344,-0.0290452661,-0.02904526177
21.56305557,-5792802.115,-5792802.336,-0.02928235196,-0.02928234982
21.58123218,-5863445.095,-5863445.316,-0.02940836176,-0.02940835932
21.59940879,-5934568.561,-5934568.782,-0.02942433115,-0.02942433331
21.61758541,-6006216.111,-6006216.332,-0.02933209669,-0.02933209447
21.63576202,-6078437.954,-6078438.175,-0.02913419157,-0.02913418584
21.65393863,-6151290.31,-6151290.531,-0.0288338,-0.0288337978
21.67211524,-6224834.707,-6224834.928,-0.02843467891,-0.02843468331
21.69029186,-6299137.2,-6299137.422,-0.02794106212,-0.02794106383
21.70846847,-6374267.53,-6374267.753,-0.02735753451,-0.02735752863
21.72664508,-6450298.254,-6450298.477,-0.02668893151,-0.02668893059
21.7448217,-6527303.853,-6527304.077,-0.02594028134,-0.02594028149
21.76299831,-6605359.867,-6605360.092,-0.02511664759,-0.02511665009
21.78117492,-6684542.052,-6684542.278,-0.02422306687,-0.02422306598
21.79935153,-6764925.591,-6764925.818,-0.02326443326,-0.02326443214
21.81752815,-6846584.375,-6846584.602,-0.02224545181,-0.02224544885
21.83570476,-6929590.354,-6929590.583,-0.02117055003,-0.02117055103
21.85388137,-7014012.971,-7014013.201,-0.02004386391,-0.02004386075
21.87205799,-7099918.665,-7099918.896,-0.01886915881,-0.01886915613
21.8902346,-7187370.45,-7187370.683,-0.01764986385,-0.01764985705
21.90841121,-7276427.552,-7276427.785,-0.01638903096,-0.01638902783
21.92658782,-7367145.078,-7367145.313,-0.01508940198,-0.01508939611
21.94476444,-7459573.723,-7459573.959,-0.01375338901,-0.01375338697
21.96294105,-7553759.47,-7553759.708,-0.01238317415,-0.01238317057
21.98111766,-7649743.295,-7649743.534,-0.01098072436,-0.01098072137
21.99929427,-7747560.831,-7747561.071,-0.009547889233,-0.009547886581
22.01747089,-7847242.021,-7847242.263,-0.008086464368,-0.008086461239
22.0356475,-7948810.726,-7948810.969,-0.006598269567,-0.006598267274
22.05382411,-8052284.306,-8052284.55,-0.005085233599,-0.005085233721
22.07200073,-8157673.194,-8157673.44,-0.003549475223,-0.003549475372
22.09017734,-8264980.466,-8264980.714,-0.001993373968,-0.001993367189
22.10835395,-8374201.44,-8374201.689,-0.0004196213558,-0.0004196119891
22.12653056,-8485323.333,-8485323.584,0.00116869621,0.001168700875
22.14470718,-8598325.008,-8598325.26,0.002768041566,0.002768047847
22.16288379,-8713176.829,-8713177.084,0.004374427721,0.00437443619
22.1810604,-8829840.682,-8829840.938,0.005983380601,0.005983383054
22.19923702,-8948270.154,-8948270.411,0.007589904591,0.007589909515
22.21741363,-9068410.913,-9068411.172,0.009188545868,0.009188550146
22.23559024,-9190201.304,-9190201.565,0.01077337004,0.01077337821
22.25376685,-9313573.145,-9313573.407,0.01233804412,0.01233804618
22.27194347,-9438452.747,-9438453.011,0.01387582533,0.01387584079
22.29012008,-9564762.127,-9564762.392,0.01537973993,0.01537975148
22.30829669,-9692420.405,-9692420.672,0.01684253477,0.01684255077
22.3264733,-9821345.358,-9821345.627,0.01825688779,0.01825688445
22.34464992,-9951455.094,-9951455.364,0.01961536705,0.01961536969
22.36282653,-10082669.81,-10082670.08,0.02091070078,0.02091069848
22.38100314,-10214913.6,-10214913.88,0.02213573456,0.02213574388
22.39917976,-10348116.27,-10348116.54,0.02328367159,0.02328366656
22.41735637,-10482215.07,-10482215.35,0.0243480131,0.02434801875
22.43553298,-10617156.42,-10617156.7,0.02532284521,0.02532284323
22.45370959,-10752897.43,-10752897.7,0.02620276064,0.02620276469
22.47188621,-10889407.28,-10889407.56,0.02698306367,0.02698307132
22.49006282,-11026668.44,-11026668.72,0.02765978873,0.02765978438
22.50823943,-11164677.6,-11164677.88,0.02822971344,0.02822971407
22.52641605,-11303446.39,-11303446.67,0.02869049087,0.02869050022
22.54459266,-11443001.79,-11443002.07,0.02904063836,0.02904063657
22.56276927,-11583386.3,-11583386.58,0.02927947976,0.02927947817
22.58094588,-11724657.74,-11724658.02,0.02940722369,0.02940723127
22.5991225,-11866888.9,-11866889.18,0.02942492813,0.02942492626
22.61729911,-12010166.74,-12010167.02,0.0293343775,0.02933437395
22.63547572,-12154591.5,-12154591.78,0.02913810126,0.02913810657
22.65365233,-12300275.42,-12300275.7,0.02883930318,0.02883930494
22.67182895,-12447341.41,-12447341.69,0.02844170853,0.02844171385
22.69000556,-12595921.45,-12595921.73,0.02794954367,0.02794954816
22.70818217,-12746154.93,-12746155.2,0.02736738324,0.02736739215
22.72635879,-12898186.86,-12898187.14,0.02670010179,0.02670009535
22.7445354,-13052166.19,-13052166.46,0.02595266514,0.02595266785
22.76271201,-13208243.95,-13208244.23,0.02513017878,0.02513017828
22.78088862,-13366571.68,-13366571.95,0.02423764952,0.02423765754
22.79906524,-13527299.76,-13527300.03,0.0232800059,0.02328001124
22.81724185,-13690576.03,-13690576.3,0.02226193994,0.02226194336
22.83541846,-13856544.46,-13856544.74,0.02118789218,0.02118789341
22.85359508,-14025344.03,-14025344.3,0.02006198093,0.02006198869
22.87177169,-14197107.7,-14197107.97,0.01888800971,0.01888801288
22.8899483,-14371961.63,-14371961.9,0.01766939275,0.01766939153
22.90812491,-14550024.39,-14550024.66,0.01640918292,0.01640919446
22.92630153,-14731406.33,-14731406.6,0.01511014998,0.01511015438
22.94447814,-14916208.99,-14916209.25,0.01377469674,0.01377470079
22.96265475,-15104524.47,-15104524.73,0.01240500249,0.01240500745
22.98083137,-15296434.9,-15296435.16,0.01100304164,0.01100305138
22.99900798,-15492011.72,-15492011.98,0.009570673108,0.009570681242
23.01718459,-15691314.99,-15691315.25,0.008109685034,0.008109692278
23.0353612,-15894392.64,-15894392.9,0.006621891633,0.006621905373
23.05353782,-16101279.6,-16101279.85,0.005109243095,0.005109247259
23.07171443,-16311996.96,-16311997.21,0.003573818132,0.00357382921
23.08989104,-16526551.1,-16526551.36,0.002018010244,0.002018021546
23.10806765,-16744932.93,-16744933.18,0.0004445146769,0.0004445214372
23.12624427,-16967117.12,-16967117.37,-0.001143608242,-0.001143588252
23.14442088,-17193061.67,-17193061.92,-0.002742812037,-0.00274279111
23.16259749,-17422707.58,-17422707.83,-0.004349119961,-0.004349101992
23.18077411,-17655978.89,-17655979.13,-0.005958069116,-0.005958045853
23.19895072,-17892783.02,-17892783.26,-0.007564671338,-0.007564651549
23.21712733,-18133011.55,-18133011.8,-0.009163469076,-0.009163461164
23.23530394,-18376541.4,-18376541.64,-0.01074857265,-0.01074855495
23.25348056,-18623236.38,-18623236.62,-0.01231360808,-0.01231359162
23.27165717,-18872949.29,-18872949.52,-0.01385186985,-0.01385186316
23.28983378,-19125524.25,-19125524.49,-0.01535638049,-0.01535636312
23.3080104,-19380799.59,-19380799.83,-0.01681987941,-0.01681986675
23.32618701,-19638610.88,-19638611.11,-0.01823504269,-0.01823502109
23.34436362,-19898794.28,-19898794.51,-0.01959444955,-0.01959444297
23.36254023,-20161190.11,-20161190.34,-0.02089082822,-0.02089082238
23.38071685,-20425646.41,-20425646.64,-0.02211702988,-0.02211702871
23.39889346,-20692022.56,-20692022.78,-0.02326621488,-0.02326621728
23.41707007,-20960192.82,-20960193.05,-0.0243319571,-0.02433193336
23.43524668,-21230049.71,-21230049.93,-0.02530823648,-0.02530821128
23.4534233,-21501507.07,-21501507.29,-0.02618967742,-0.0261896659
23.47159991,-21774502.9,-21774503.12,-0.02697157115,-0.0269715744
23.48977652,-22049001.68,-22049001.9,-0.02764996514,-0.027649946
23.50795314,-22324996.34,-22324996.56,-0.02822159231,-0.02822157813
23.52612975,-22602509.66,-22602509.88,-0.02868410945,-0.02868409731
23.54430636,-22881595.11,-22881595.33,-0.02903600037,-0.02903598374
23.56248297,-23162337.18,-23162337.4,-0.02927657589,-0.02927657893
23.58065959,-23444851.08,-23444851.3,-0.02940608561,-0.0294060759
23.5988362,-23729281.88,-23729282.1,-0.02942550182,-0.02942549234
23.61701281,-24015803.11,-24015803.33,-0.02933662757,-0.0293366272
23.63518943,-24304614.81,-24304615.03,-0.02914200351,-0.02914200186
23.65336604,-24595941.13,-24595941.36,-0.02884478495,-0.02884478756
23.67154265,-24890027.58,-24890027.8,-0.02844870463,-0.02844872093
23.68971926,-25187137.84,-25187138.06,-0.02795801684,-0.02795801016
23.70789588,-25487550.47,-25487550.69,-0.02737725526,-0.02737723454
23.72607249,-25791555.4,-25791555.62,-0.02671124786,-0.02671124023
23.7442491,-26099450.36,-26099450.59,-0.02596504614,-0.0259650356
23.76242571,-26411537.44,-26411537.66,-0.02514369041,-0.0251436891
23.78060233,-26728119.66,-26728119.89,-0.02425222471,-0.02425223295
23.79877894,-27049497.9,-27049498.13,-0.02329558507,-0.02329557534
23.81695555,-27375967.91,-27375968.14,-0.02227845043,-0.02227842398
23.83513217,-27707817.78,-27707818.01,-0.02120523527,-0.02120522293
23.85330878,-28045325.63,-28045325.86,-0.0200801082,-0.02008010471
23.87148539,-28388757.61,-28388757.84,-0.0189068839,-0.01890685856
23.889662,-28738366.24,-28738366.47,-0.01768893749,-0.01768891571
23.90783862,-29094388.92,-29094389.15,-0.01642936841,-0.01642935146
23.92601523,-29457046.61,-29457046.85,-0.01513091847,-0.01513090361
23.94419184,-29826542.67,-29826542.91,-0.01379600912,-0.01379600611
23.96236846,-30203061.65,-30203061.89,-0.01242686436,-0.01242683632
23.98054507,-30586768.09,-30586768.33,-0.01102539524,-0.01102537385
23.99872168,-30977805.23,-30977805.47,-0.009593479335,-0.009593468802
24.01689829,-31376293.58,-31376293.82,-0.008132953197,-0.008132916666
24.03507491,-31782329.36,-31782329.6,-0.006645560265,-0.006645537298
24.05325152,-32195982.87,-32195983.12,-0.005133289844,-0.005133255145
24.07142813,-32617296.74,-32617296.99,-0.003598198295,-0.003598177983
24.08960474,-33046284.22,-33046284.47,-0.002042692155,-0.002042671505
24.10778136,-33482927.59,-33482927.84,-0.0004694573581,-0.0004694272518
24.12595797,-33927176.76,-33927177.01,0.001118443906,0.001118478391
24.14413458,-34378948.22,-34378948.47,0.002717480063,0.002717536147
24.1623112,-34838124.53,-34838124.79,0.004323713481,0.004323768458
24.18048781,-35304554.28,-35304554.54,0.005932696164,0.005932708082
24.19866442,-35778052.85,-35778053.1,0.007539339364,0.00753939166
24.21684103,-36258403.87,-36258404.13,0.009138330817,0.009138368788
24.23501765,-36745361.61,-36745361.87,0.01072369516,0.01072372672
24.25319426,-37238654.1,-37238654.36,0.0122891143,0.01228913042
24.27137087,-37737987.2,-37737987.47,0.01382788271,0.01382787716
24.28954749,-38243049.45,-38243049.72,0.01533295214,0.0153329646
24.3077241,-38753517.61,-38753517.87,0.01679714769,0.01679717073
24.32590071,-39269062.84,-39269063.11,0.01821312308,0.01821314389
24.34407732,-39789357.43,-39789357.7,0.01957345009,0.0195735006
24.36225394,-40314081.8,-40314082.07,0.02087086439,0.02087092886
24.38043055,-40842931.72,-40842932,0.02209827304,0.02209829443
24.39860716,-41375625.57,-41375625.85,0.02324873209,0.02324874727
24.41678378,-41911911.35,-41911911.62,0.02431578189,0.02431582577
24.43496039,-42451573.44,-42451573.72,0.02529349178,0.02529355578
24.453137,-42994438.84,-42994439.12,0.02617654949,0.0261765424
24.47131361,-43540382.73,-43540383,0.02696005255,0.02696005177
24.48949023,-44089333.2,-44089333.48,0.02764007449,0.02764008111
24.50766684,-44641275.21,-44641275.49,0.02821335196,0.0282134151
24.52584345,-45196253.34,-45196253.62,0.02867767215,0.02867766693
24.54402006,-45754373.56,-45754373.84,0.02903126925,0.02903130329
24.56219668,-46315803.89,-46315804.17,0.02927362174,0.02927365212
24.58037329,-46880773.78,-46880774.06,0.02940484881,0.02940489321
24.5985499,-47449572.46,-47449572.74,0.02942601591,0.02942603155
24.61672652,-48022546.1,-48022546.38,0.02933882177,0.02933885419
24.63490313,-48600093.98,-48600094.26,0.02914583683,0.02914587168
24.65307974,-49182663.72,-49182664,0.02885023504,0.02885024564
24.67125635,-49770745.66,-49770745.93,0.02845567465,0.02845570451
24.68943297,-50364866.67,-50364866.95,0.02796644717,0.02796644981
24.70760958,-50965583.47,-50965583.75,0.02738700062,0.02738705579
24.72578619,-51573475.58,-51573475.85,0.02672237158,0.02672236521
24.74396281,-52189138.29,-52189138.57,0.02597735077,0.0259773847
24.76213942,-52813175.68,-52813175.96,0.02515720576,0.02515718253
24.78031603,-53446193.86,-53446194.13,0.02426680177,0.02426679218
24.79849264,-54088794.63,-54088794.9,0.02331109345,0.02331112445
24.81666926,-54741569.75,-54741570.02,0.02229487151,0.0222948907
24.83484587,-55405095.65,-55405095.92,0.02122250199,0.02122253958
24.85302248,-56079928.91,-56079929.18,0.02009818703,0.0200982088
24.87119909,-56766602.26,-56766602.53,0.01892566681,0.01892569316
24.88937571,-57465621.19,-57465621.46,0.0177083984,0.01770842956
24.90755232,-58177460.98,-58177461.24,0.0164494738,0.01644949881
24.92572893,-58902564.11,-58902564.38,0.01515163481,0.0151516438
24.94390555,-59641337.86,-59641338.12,0.01381728798,0.01381730294
24.96208216,-60394151.93,-60394152.19,0.01244860142,0.01244865719
24.98025877,-61161336.06,-61161336.32,0.01104765385,0.01104768877
24.99843538,-61943177.42,-61943177.68,0.009616233408,0.009616249255
25.016612,-62739917.77,-62739918.03,0.008156090975,0.008156134397
25.03478861,-63551750.35,-63551750.61,0.006669089198,0.006669163041
25.05296522,-64378816.6,-64378816.85,0.00515718013,0.005157257371
25.07114184,-65221202.66,-65221202.91,0.003622472286,0.003622521681
25.08931845,-66078936.01,-66078936.26,0.002067238092,0.002067317056
25.10749506,-66951982.18,-66951982.43,0.0004942715168,0.0004943294201
25.12567167,-67840242.03,-67840242.28,-0.001093372703,-0.001093371306
25.14384829,-68743549.65,-68743549.89,-0.002692371607,-0.002692282974
25.1620249,-69661671.18,-69661671.42,-0.004298552871,-0.004298435605
25.18020151,-70594304.88,-70594305.12,-0.005907535553,-0.005907369761
25.19837812,-71541082.52,-71541082.77,-0.007514148951,-0.007514129868
25.21655474,-72501572.38,-72501572.62,-0.009113416076,-0.009113273041
25.23473135,-73475283.82,-73475284.06,-0.01069888473,-0.01069889355
25.25290796,-74461673.7,-74461673.94,-0.01226474345,-0.01226466262
25.27108458,-75460154.38,-75460154.62,-0.01380395889,-0.01380388282
25.28926119,-76470103.38,-76470103.61,-0.01530957222,-0.01530955593
25.3074378,-77490874.48,-77490874.71,-0.01677456498,-0.01677446275
25.32561441,-78521810.11,-78521810.34,-0.01819135249,-0.0181912529
25.34379103,-79562254.7,-79562254.93,-0.01955258846,-0.01955254262
25.36196764,-80611568.71,-80611568.94,-0.02085110545,-0.02085101796
25.38014425,-81669143.11,-81669143.34,-0.02207949758,-0.02207954105
25.39832087,-82734413.8,-82734414.03,-0.02323132753,-0.02323125657
25.41649748,-83806875.76,-83806875.98,-0.02429977059,-0.02429969599
25.43467409,-84886096.51,-84886096.73,-0.0252789259,-0.02527887678
25.4528507,-85971728.61,-85971728.83,-0.02616350353,-0.02616339421
25.47102732,-87063520.8,-87063521.02,-0.0269485414,-0.02694850345
25.48920393,-88161327.58,-88161327.81,-0.02763022482,-0.02763018974
25.50738054,-89265116.99,-89265117.22,-0.02820535004,-0.02820522498
25.52555716,-90374976.28,-90374976.5,-0.02867136896,-0.0286712091
25.54373377,-91491115.47,-91491115.69,-0.02902665734,-0.02902659521
25.56191038,-92613868.62,-92613868.84,-0.02927067876,-0.02927069773
25.58008699,-93743692.72,-93743692.94,-0.02940367162,-0.02940368318
25.59826361,-94881164.39,-94881164.61,-0.0294265449,-0.02942654386
25.61644022,-96026974.23,-96026974.45,-0.02934110165,-0.02934105492
25.63461683,-97181919.2,-97181919.42,-0.02914975584,-0.02914971602
25.65279344,-98346893.08,-98346893.3,-0.02885569632,-0.02885567918
25.67097006,-99522875.32,-99522875.54,-0.0284627229,-0.02846266459
25.68914667,-100710918.6,-100710918.8,-0.02797490358,-0.0279748671
25.70732328,-101912135.5,-101912135.8,-0.02739690244,-0.02739685587
25.7254999,-103127684.6,-103127684.8,-0.02673350275,-0.02673347027
25.74367651,-104358755.9,-104358756.1,-0.02598974109,-0.02598971513
25.76185312,-105606557.4,-105606557.7,-0.02517065406,-0.02517065854
25.78002973,-106872301.5,-106872301.7,-0.02428141236,-0.02428133523
25.79820635,-108157191.9,-108157192.2,-0.02332660556,-0.02332665853
25.81638296,-109462412.6,-109462412.8,-0.02231146395,-0.02231134351
25.83455957,-110789117,-110789117.2,-0.02123987675,-0.02123984335
25.85273619,-112138418.9,-112138419.2,-0.0201164037,-0.02011630094
25.8709128,-113511384.7,-113511384.9,-0.01894456148,-0.01894451667
25.88908941,-114909026.1,-114909026.3,-0.01772807539,-0.01772793309
25.90726602,-116332294.7,-116332295,-0.01646973193,-0.01646963652
25.92544264,-117782076.7,-117782076.9,-0.01517240703,-0.01517237495
25.94361925,-119259187.6,-119259187.8,-0.0138386488,-0.01383859126
25.96179586,-120764368.1,-120764368.3,-0.01247058809,-0.01247047004
25.97997247,-122298279,-122298279.2,-0.01107005775,-0.01106999613
25.99814909,-123861496,-123861496.2,-0.00963909924,-0.009639022594
26.0163257,-125454504.1,-125454504.3,-0.008179411292,-0.008179345462
26.03450231,-127077691.3,-127077691.6,-0.006692931056,-0.006692782595
26.05267893,-128731342.3,-128731342.5,-0.005181312561,-0.005181253927
26.07085554,-130415631.1,-130415631.3,-0.003646969795,-0.003646860295
26.08903215,-132130614.5,-132130614.8,-0.002092033625,-0.002091958187
26.10720876,-133876225.7,-133876225.9,-0.0005193501711,-0.0005192279293
26.12538538,-135652268.3,-135652268.6,0.001068234444,0.001068267012
26.14356199,-137458412.8,-137458413,0.002666890621,0.002667031608
26.1617386,-139294193.5,-139294193.8,0.004272997379,0.004273103453
26.17991522,-141159009.1,-141159009.4,0.005881845951,0.005882030911
26.19809183,-143052125.2,-143052125.5,0.007488816977,0.007488866195
26.21626844,-144972680.3,-144972680.5,0.009088069201,0.009088173949
26.23444505,-146919694.8,-146919695.1,0.01067385077,0.01067405546
26.25262167,-148892084.1,-148892084.3,0.01224008203,0.01224018823
26.27079828,-150888674,-150888674.3,0.01377984881,0.01377988015
26.28897489,-152908220.7,-152908220.9,0.01528602839,0.01528613715
26.3071515,-154949432.1,-154949432.4,0.01675149798,0.01675174283
26.32532812,-157010993.4,-157010993.7,0.01816910505,0.01816934814
26.34350473,-159091593.1,-159091593.3,0.01953139901,0.01953156904
26.36168134,-161189951.3,-161189951.6,0.02083110809,0.0208310897
26.37985796,-163304848.9,-163304849.2,0.02206063271,0.02206076861
26.39803457,-165435156,-165435156.3,0.02321377397,0.02321374521
26.41621118,-167579860.5,-167579860.8,0.02428334951,0.02428354407
26.43438779,-169738095,-169738095.2,0.02526399493,0.02526417427
26.45256441,-171909161.6,-171909161.9,0.02614989877,0.02615022133
26.47074102,-174092554.8,-174092555,0.02693682909,0.02693692945
26.48891763,-176287980,-176287980.3,0.02762004733,0.0276202719
26.50709425,-178495369.6,-178495369.9,0.02819684148,0.0281970078
26.52527086,-180714894.4,-180714894.7,0.02866464853,0.02866472381
26.54344747,-182946970.4,-182946970.7,0.02902176976,0.0290218595
26.56162408,-185192261.9,-185192262.2,0.02926769853,0.02926771575
26.5798007,-187451679,-187451679.3,0.02940225601,0.02940244582
26.59797731,-189726371.3,-189726371.6,0.02942690253,0.02942702928
26.61615392,-192017716.5,-192017716.8,0.02934318781,0.02934322937
26.63433053,-194327305.3,-194327305.6,0.02915343642,0.02915353488
26.65250715,-196656922.4,-196656922.7,0.02886086702,0.02886108815
26.67068376,-199008524.1,-199008524.4,0.02846950293,0.02846960114
26.68886037,-201384213.8,-201384214.1,0.02798321843,0.02798326199
26.70703699,-203786214.9,-203786215.2,0.02740648389,0.02740663477
26.7252136,-206216843.1,-206216843.4,0.02674439549,0.02674455539
26.74339021,-208678478.1,-208678478.4,0.02600193024,0.02600202689
26.76156682,-211173535.4,-211173535.7,0.02518394589,0.02518411713
26.77974344,-213704439.6,-213704439.8,0.02429577708,0.02429586206
26.79792005,-216273598.8,-216273599.1,0.02334204316,0.02334217758
26.81609666,-218883381.7,-218883382,0.0223275125,0.02232778238
26.83427328,-221536096.2,-221536096.5,0.02125701308,0.0212571342
26.85244989,-224233971.4,-224233971.7,0.02013429999,0.02013438112
26.8706265,-226979141.4,-226979141.7,0.01896312833,0.01896332907
26.88880311,-229773631.8,-229773632.1,0.01774716377,0.01774742627
26.90697973,-232619347.8,-232619348,0.01648956537,0.01648976456
26.92515634,-235518063.4,-235518063.7,0.01519301534,0.01519309705
26.94333295,-238471412.4,-238471412.7,0.01385968924,0.01385987107
26.96150957,-241480878.6,-241480878.8,0.01249212027,0.01249227486
26.97968618,-244547785.9,-244547786.2,0.01109224558,0.01109229592
26.99786279,-247673288.7,-247673289,0.00966155529,0.009661788811
27.0160394,-250858359.9,-250858360.1,0.008202314377,0.008202549856
27.03421602,-254103778.7,-254103779,0.006716102362,0.006716395951
27.05239263,-257410117.7,-257410118,0.005205065012,0.005205244806
27.07056924,-260777728.6,-260777728.9,0.003671050072,0.003671193813
27.08874585,-264206728.9,-264206729.2,0.002116441727,0.002116594888
27.10692247,-267696988.8,-267696989,0.0005439221859,0.0005441227666
27.12509908,-271248119.8,-271248120.1,-0.001043438911,-0.001043165524
27.14327569,-274859467,-274859467.3,-0.002642035484,-0.002641782065
27.16145231,-278530103.5,-278530103.7,-0.004248201847,-0.00424777202
27.17962892,-282258830.7,-282258831,-0.005857348442,-0.005856691552
27.19780553,-286044184.1,-286044184.4,-0.007464051247,-0.007463600665
27.21598214,-289884444.5,-289884444.7,-0.009063780308,-0.009063071534
27.23415876,-293777656.4,-293777656.6,-0.01064926386,-0.01064921248
27.25233537,-297721653.3,-297721653.6,-0.01221597195,-0.0122157073
27.27051198,-301714089.9,-301714090.1,-0.01375615597,-0.0137558692
27.2886886,-305752479.8,-305752480.1,-0.01526296139,-0.01526270829
27.30686521,-309834240.6,-309834240.8,-0.01672935486,-0.016729011
27.32504182,-313956742.5,-313956742.7,-0.01814764738,-0.01814742963
27.34321843,-318117362.2,-318117362.4,-0.01951080561,-0.01951057991
27.36139505,-322313538.6,-322313538.8,-0.02081131935,-0.0208111441
27.37957166,-326542830.8,-326542831,-0.02204203606,-0.02204197713
27.39774827,-330802976,-330802976.2,-0.02319633961,-0.02319621319
27.41592488,-335091945.7,-335091945.9,-0.02426749468,-0.02426737
27.4341015,-339408000.1,-339408000.4,-0.02524977922,-0.02524944828
27.45227811,-343749738.1,-343749738.4,-0.02613705397,-0.0261370238
27.47045472,-348116141.9,-348116142.1,-0.02692550421,-0.0269253298
27.48863134,-352506615.5,-352506615.7,-0.02761048079,-0.02761032759
27.50680795,-356921016.5,-356921016.8,-0.02818924189,-0.02818876355
27.52498456,-361359678.6,-361359678.8,-0.02865862846,-0.02865821107
27.54316117,-365823426.3,-365823426.5,-0.02901756763,-0.02901709617
27.56133779,-370313580.1,-370313580.4,-0.02926498652,-0.02926470618
27.5795144,-374831952.8,-374831953.1,-0.02940148115,-0.02940118111
27.59769101,-379380836,-379380836.3,-0.0294277072,-0.0294274878
27.61586763,-383962978.3,-383962978.5,-0.02934551239,-0.02934537754
27.63404424,-388581554.4,-388581554.7,-0.02915757895,-0.02915732823
27.65222085,-393240128.1,-393240128.4,-0.02886676788,-0.02886647254
27.67039746,-397942607.1,-397942607.4,-0.02847665548,-0.02847651416
27.68857408,-402693193.8,-402693194,-0.02799153328,-0.02799163448
27.70675069,-407496331.7,-407496331.9,-0.02741652727,-0.02741639246
27.7249273,-412356649.7,-412356649.9,-0.02675586939,-0.02675562055
27.74310391,-417278905.5,-417278905.8,-0.026014328,-0.02601431995
27.76128053,-422267929.6,-422267929.9,-0.02519774437,-0.02519755826
27.77945714,-427328571.3,-427328571.5,-0.02431058884,-0.02431037267
27.79763375,-432465647.7,-432465647.9,-0.02335780859,-0.02335768157
27.81581037,-437683897.6,-437683897.8,-0.02234429121,-0.0223442073
27.83398698,-442987939.2,-442987939.4,-0.02127486467,-0.02127441214
27.85216359,-448382233.3,-448382233.5,-0.02015274763,-0.02015244933
27.8703402,-453871051.5,-453871051.7,-0.01898252964,-0.01898213035
27.88851682,-459458448.4,-459458448.7,-0.01776707172,-0.0177669091
27.90669343,-465148238.4,-465148238.6,-0.01651024818,-0.01650988293
27.92487004,-470943974,-470943974.2,-0.01521420479,-0.01521381008
27.94304666,-476848927.2,-476848927.4,-0.01388132572,-0.01388114235
27.96122327,-482866070.2,-482866070.5,-0.01251429319,-0.01251407166
27.97939988,-488998056.7,-488998056.9,-0.01111507416,-0.01111458814
27.99757649,-495247200.3,-495247200.6,-0.009684860706,-0.009684547899
28.01575311,-501615453,-501615453.3,-0.00822609663,-0.00822574757
28.03392972,-508104379.7,-508104379.9,-0.006740570068,-0.006740003101
28.05210633,-514715131.9,-514715132.1,-0.005229592323,-0.005229229998
28.07028295,-521448420.5,-521448420.7,-0.003696024418,-0.003695522228
28.08845956,-528304487.8,-528304488.1,-0.00214189291,-0.002141227146
28.10663617,-535283082.4,-535283082.6,-0.0005695223808,-0.0005690139192
28.12481278,-542383435.7,-542383436,0.001017212868,0.001018066856
28.1429894,-549604246.1,-549604246.4,0.002615809441,0.002616534361
28.16116601,-556943668.5,-556943668.7,0.004221916199,0.004222441323
28.17934262,-564399314.4,-564399314.6,0.005830645561,0.005831351705
28.19751923,-571968262.7,-571968263,0.007437825203,0.0074383333
28.21569585,-579647082.9,-579647083.1,0.009037494659,0.009037965821
28.23387246,-587431871.1,-587431871.4,0.01062405109,0.01062436463
28.25204907,-595318300.7,-595318301,0.01219069958,0.01219121983
28.27022569,-603301685.8,-603301686.1,0.01373112202,0.01373184998
28.2884023,-611377057.8,-611377058,0.01523852348,0.01523926938
28.30657891,-619539253.7,-619539254,0.01670515537,0.01670626729
28.32475552,-627783014.9,-627783015.2,0.01812517643,0.01812549741
28.34293214,-636103093.7,-636103093.9,0.01948869228,0.01948957525
28.36110875,-644494365,-644494365.2,0.02079117298,0.0207911812
28.37928536,-652951942.4,-652951942.7,0.02202260494,0.02202316665
28.39746198,-661471293.7,-661471293.9,0.02317786217,0.02317866056
28.41563859,-670048353.7,-670048354,0.02425098419,0.02425117383
28.4338152,-678679633,-678679633.3,0.02523398399,0.02523469884
28.45199181,-687362317.8,-687362318.1,0.02612280846,0.02612380163
28.47016843,-696094359.8,-696094360,0.02691268921,0.0269137045
28.48834504,-704874553.5,-704874553.8,0.02759969234,0.02760035682
28.50652165,-713702599.2,-713702599.4,0.02818000317,0.02818049224
28.52469826,-722579148.9,-722579149.2,0.02865123749,0.02865167088
28.54287488,-731505836.1,-731505836.4,0.02901136875,0.02901230521
28.56105149,-740485286.4,-740485286.7,0.02926135063,0.02926166903
28.5792281,-749521109.8,-749521110.1,0.02939939499,0.02939988906
28.59740472,-758617874.8,-758617875.1,0.02942705154,0.0294279194
28.61558133,-767781064.5,-767781064.7,0.02934718132,0.02934749942
28.63375794,-777017015.8,-777017016.1,0.02916049957,0.02916109607
28.65193455,-786332844.3,-786332844.6,0.02887105942,0.02887183233
28.67011117,-795736355.5,-795736355.8,0.02848303318,0.02848340362
28.68828778,-805235945.6,-805235945.8,0.0279995203,0.02799998455
28.70646439,-814840494.9,-814840495.2,0.02742540836,0.02742612893
28.72464101,-824559256.5,-824559256.7,0.02676641941,0.02676666573
28.74281762,-834401742.4,-834401742.6,0.02602648735,0.02602659429
28.76099423,-844377612.1,-844377612.3,0.0252109766,0.02521098193
28.77917084,-854496564.3,-854496564.5,0.02432453632,0.02432486703
28.79734746,-864768235.3,-864768235.5,0.02337288857,0.02337317048
28.81552407,-875202105.6,-875202105.9,0.02236008644,0.02236061826
28.83370068,-885807416.1,-885807416.4,0.02129125595,0.02129167715
28.85187729,-896593094,-896593094.3,0.020170331,0.02017050554
28.87005391,-907567688.6,-907567688.9,0.01900041103,0.0190009205
28.88823052,-918739316.7,-918739317,0.01778542995,0.01778638157
28.90640713,-930115614.6,-930115614.8,0.01652956009,0.01652999163
28.92458375,-941703696.1,-941703696.4,0.01523399353,0.01523451403
28.94276036,-953510114.2,-953510114.5,0.01390218735,0.01390240511
28.96093697,-965540823.3,-965540823.6,0.01253557205,0.01253586041
28.97911358,-977801140.7,-977801141,0.01113593578,0.01113687278
28.9972902,-990295705.2,-990295705.4,0.009706258774,0.009707299852
29.01546681,-1003028432,-1003028432,0.008248209953,0.008248938597
29.03364342,-1016002464,-1016002464,0.006762504578,0.006763604039
29.05182004,-1029220117,-1029220117,0.005252242088,0.005253209495
29.06999665,-1042682828,-1042682828,0.003718972206,0.003719845528
29.08817326,-1056391096,-1056391096,0.002165079117,0.002165854951
29.10634987,-1070344435,-1070344435,0.0005931854248,0.0005939013744
29.12452649,-1084541323,-1084541323,-0.0009939670563,-0.0009929710219
29.1427031,-1098979175,-1098979175,-0.002591609955,-0.002591288512
29.16087971,-1113654317,-1113654318,-0.004199266434,-0.004197111383
29.17905632,-1128561991,-1128561991,-0.005808115005,-0.005806011389
29.19723294,-1143696369,-1143696369,-0.007413625717,-0.00741306412
29.21540955,-1159050606,-1159050606,-0.009013652802,-0.009012856834
29.23358616,-1174616909,-1174616909,-0.01060009003,-0.01059951194
29.25176278,-1190386638,-1190386638,-0.01216745377,-0.01216672587
29.26993939,-1206350429,-1206350430,-0.01370882988,-0.01370782253
29.288116,-1222498355,-1222498355,-0.01521778107,-0.01521582044
29.30629261,-1238820093,-1238820093,-0.01668548584,-0.01668351174
29.32446923,-1255305128,-1255305128,-0.01810503006,-0.01810355151
29.34264584,-1271942961,-1271942961,-0.01946926117,-0.01946855509
